{
  "isTransparent": false,
  "matparam": {
    "texture_array_index0": {
      "ValueFloat": [
        0.0
      ]
    },
    "texture_array_index1": {
      "ValueFloat": [
        0.0
      ]
    },
    "texture_array_index2": {
      "ValueFloat": [
        0.0
      ]
    },
    "texture_array_index3": {
      "ValueFloat": [
        0.0
      ]
    },
    "texture_array_index4": {
      "ValueFloat": [
        0.0
      ]
    },
    "texture_array_index5": {
      "ValueFloat": [
        0.0
      ]
    },
    "gsys_alpha_test_ref_value": {
      "DependedIndex": 31,
      "DependIndex": 31,
      "Type": "Float",
      "HasPadding": false,
      "ValueFloat": [
        0.0
      ],
      "ValueSrt2D": {
        "Scaling": [
          0.0,
          0.0
        ],
        "Translation": [
          0.0,
          0.0
        ]
      },
      "ValueSrt3D": {
        "Scaling": [
          0.0,
          0.0,
          0.0
        ],
        "Rotation": [
          0.0,
          0.0,
          0.0
        ],
        "Translation": [
          0.0,
          0.0,
          0.0
        ]
      },
      "ValueTexSrt": {
        "Mode": "ModeMaya",
        "Scaling": [
          0.0,
          0.0
        ],
        "Translation": [
          0.0,
          0.0
        ]
      },
      "ValueTexSrtEx": {
        "Mode": "ModeMaya",
        "Scaling": [
          0.0,
          0.0
        ],
        "Translation": [
          0.0,
          0.0
        ]
      }
    },
    "gsys_bake_light_scale": {
      "DependedIndex": 44,
      "DependIndex": 44,
      "Type": "Float3",
      "HasPadding": false,
      "ValueFloat": [
        1.0,
        1.0,
        1.0
      ],
      "ValueSrt2D": {
        "Scaling": [
          0.0,
          0.0
        ],
        "Translation": [
          0.0,
          0.0
        ]
      },
      "ValueSrt3D": {
        "Scaling": [
          0.0,
          0.0,
          0.0
        ],
        "Rotation": [
          0.0,
          0.0,
          0.0
        ],
        "Translation": [
          0.0,
          0.0,
          0.0
        ]
      },
      "ValueTexSrt": {
        "Mode": "ModeMaya",
        "Scaling": [
          0.0,
          0.0
        ],
        "Translation": [
          0.0,
          0.0
        ]
      },
      "ValueTexSrtEx": {
        "Mode": "ModeMaya",
        "Scaling": [
          0.0,
          0.0
        ],
        "Translation": [
          0.0,
          0.0
        ]
      }
    },
    "gsys_bake_st0": {
      "DependedIndex": 45,
      "DependIndex": 45,
      "Type": "Float4",
      "HasPadding": false,
      "ValueFloat": [
        0.0,
        0.0,
        0.0,
        0.0
      ],
      "ValueSrt2D": {
        "Scaling": [
          0.0,
          0.0
        ],
        "Translation": [
          0.0,
          0.0
        ]
      },
      "ValueSrt3D": {
        "Scaling": [
          0.0,
          0.0,
          0.0
        ],
        "Rotation": [
          0.0,
          0.0,
          0.0
        ],
        "Translation": [
          0.0,
          0.0,
          0.0
        ]
      },
      "ValueTexSrt": {
        "Mode": "ModeMaya",
        "Scaling": [
          0.0,
          0.0
        ],
        "Translation": [
          0.0,
          0.0
        ]
      },
      "ValueTexSrtEx": {
        "Mode": "ModeMaya",
        "Scaling": [
          0.0,
          0.0
        ],
        "Translation": [
          0.0,
          0.0
        ]
      }
    },
    "gsys_bake_st1": {
      "DependedIndex": 48,
      "DependIndex": 48,
      "Type": "Float4",
      "HasPadding": false,
      "ValueFloat": [
        0.0,
        0.0,
        0.0,
        0.0
      ],
      "ValueSrt2D": {
        "Scaling": [
          0.0,
          0.0
        ],
        "Translation": [
          0.0,
          0.0
        ]
      },
      "ValueSrt3D": {
        "Scaling": [
          0.0,
          0.0,
          0.0
        ],
        "Rotation": [
          0.0,
          0.0,
          0.0
        ],
        "Translation": [
          0.0,
          0.0,
          0.0
        ]
      },
      "ValueTexSrt": {
        "Mode": "ModeMaya",
        "Scaling": [
          0.0,
          0.0
        ],
        "Translation": [
          0.0,
          0.0
        ]
      },
      "ValueTexSrtEx": {
        "Mode": "ModeMaya",
        "Scaling": [
          0.0,
          0.0
        ],
        "Translation": [
          0.0,
          0.0
        ]
      }
    }
  },
  "MaterialU": {
    "ShaderAssign": {
      "AttribAssigns": {
        "_n0": "_n0",
        "_t0": "_t0",
        "_w0": "_w0",
        "_i0": "_i0",
        "_u0": "_u0",
        "_c0": "_c0"
      },
      "SamplerAssigns": {
        "_a0": "_a0",
        "_s0": "_n0",
        "_n0": "_n0"
      },
      "ShaderOptions": {
        "uking_vtx_position_modify_vector": 100
      }
    }
  },
  "shaderassign": {
    "options": {
      "uking_texture_array_texture0": -1,
      "uking_texture_array_texture1": -1,
      "uking_texture_array_texture2": -1,
      "uking_texture_array_texture3": -1,
      "uking_texture_array_texture4": -1,
      "uking_texture_array_texture5": -1,
      "uking_vtx_position_modify_vector": 100
    },
    "samplers": {
      "_a0": "_a0",
      "_s0": "_n0",
      "_n0": "_n0"
    },
    "attributes": {
      "_n0": "_n0",
      "_t0": "_t0",
      "_w0": "_w0",
      "_i0": "_i0",
      "_u0": "_u0",
      "_c0": "_c0"
    }
  },
  "TextureMaps": {
    "AirOctarock_Rope_Alb": {
      "WrapModeS": "Repeat",
      "WrapModeT": "Repeat",
      "SamplerName": "_a0",
      "textureUnit": 1,
      "Type": "Diffuse"
    },
    "AirOctarock_Rope_Nrm": {
      "WrapModeS": "Repeat",
      "WrapModeT": "Repeat",
      "SamplerName": "_n0",
      "textureUnit": 2,
      "Type": "Normal"
    }
  },
  "text": "Mt_Rope",
  "index": 2
}