{
  "isTransparent": false,
  "renderinfo": {
    "gsys_cube_map": null,
    "gsys_priority_hint": "npc",
    "uking_edit_sky_occlusion": null
  },
  "matparam": {
    "const_value0": {
      "ValueFloat": [1.5]
    },
    "const_value1": {
      "ValueFloat": [0.25]
    },
    "const_color0": {
      "ValueFloat": [0.0, 0.0, 0.0, 1.0]
    },
    "const_color1": {
      "ValueFloat": [0.34935078, 0.34935078, 0.34935078, 1.0]
    },
    "const_color2": {
      "ValueFloat": [0.189051569, 0.5986809, 0.5986809, 1.0]
    },
    "uk_damage_color": {
      "ValueFloat": [1.0, 0.0, 0.0, 0.0]
    },
    "tex_srt1": {
      "ValueTexSrt": {
        "Scaling": [0.0, 0.0]
      }
    },
    "tex_srt3": {
      "ValueTexSrt": {
        "Scaling": [100.0, 100.0]
      }
    }
  },
  "MaterialU": {
    "RenderState": {
      "_flags": null,
      "_alphaControl": 14,
      "_polygonControl": 2622016,
      "AlphaRefValue": 0.1
    },
    "ShaderAssign": {
      "AttribAssigns": {
        "_n0": "_n0",
        "_i0": "_i0",
        "_u0": "_u0"
      },
      "SamplerAssigns": {
        "_a0": "_a0"
      }
    },
    "Samplers": {
      "_a0": {
        "TexSampler": {
          "Values": [33690258, 4228710400, 2147483648]
        }
      }
    },
    "UserData": null
  },
  "shaderassign": {
    "options": {
      "uking_texture1_texcoord": 1,
      "gsys_enable_color_buffer": 1,
      "uking_texture_scene_color0_texcoord": 3,
      "uking_enable_calc_color0": 1,
      "uking_color0_calc_type": 4,
      "uking_color0_A": 100,
      "uking_color0_B": 101,
      "uking_enable_calc_color1": 1,
      "uking_color1_calc_type": 28,
      "uking_color1_clamp01": 1,
      "uking_color1_A": 502,
      "uking_color1_A_channel": 11,
      "uking_color1_B": 104,
      "uking_color1_B_channel": 10,
      "uking_color1_C_channel": 10,
      "uking_color1_D": 400,
      "uking_color1_D_channel": 10,
      "uking_enable_calc_color2": 1,
      "uking_color2_calc_type": 9,
      "uking_color2_A": 8,
      "uking_color2_B": 201,
      "uking_color2_B_channel": 1,
      "uking_color2_C": 102,
      "uking_color2_D": 400,
      "uking_color3_calc_type": 2,
      "uking_color3_A": 200,
      "uking_color3_B": 201,
      "uking_vtx_position_modify_vector": 100,
      "uking_lumberjack_side_texcoord": null,
      "gsys_gbuffer_xlu": 1,
      "uking_enable_gbuffer_xlu_blend": null,
      "uking_texcoord0_srt": null,
      "uking_texcoord1_srt": 1,
      "uking_enable_proctexcoord0": 1,
      "uking_proctexcoord0_mapping": 1,
      "uking_enable_normalmap": null,
      "uking_normal_color": 2,
      "uking_material_attribute": null,
      "uking_metal_color": 3,
      "uking_albedo_color": 200,
      "uking_specmask_scaler": 105,
      "uking_specular_channel": 10,
      "uking_enable_emission": 1,
      "uking_emission_color": 202,
      "uking_enable_transmission": 1,
      "uking_transmission_color": 402,
      "uking_enable_ao": null,
      "uking_ao_color": null,
      "uking_transparency_color": 201
    },
    "samplers": {
      "_a0": "_a0"
    },
    "attributes": {
      "_n0": "_n0",
      "_i0": "_i0",
      "_u0": "_u0"
    }
  },
  "HasNormalMap": false,
  "TextureMaps": {
    "Bee_Blur_00": {
      "wiiUSampler": {
        "Values": [33690258, 4228710400, 2147483648]
      },
      "BiasLod": -1.0,
      "WrapModeS": "Clamp",
      "WrapModeT": "Clamp",
      "SamplerName": "_a0",
      "textureUnit": 1,
      "Type": "Diffuse"
    }
  },
  "text": "Mt_Blur"
}