{
  "isTransparent": false,
  "renderinfo": {
    "gsys_cube_map": null,
    "gsys_dynamic_reflection": 1,
    "gsys_priority_hint": "npc",
    "uking_edit_sky_occlusion": null
  },
  "matparam": {
    "const_value0": {
      "ValueFloat": [20.0]
    },
    "const_value1": {
      "ValueFloat": [1.5]
    },
    "const_value2": {
      "ValueFloat": [1.5]
    },
    "const_color1": {
      "ValueFloat": [0.032956332, 1.0, 0.0, 1.0]
    },
    "uk_damage_color": {
      "ValueFloat": [1.0, 0.0, 0.0, 0.0]
    },
    "tex_srt3": {
      "ValueTexSrt": {
        "Scaling": [100.0, 100.0]
      }
    }
  },
  "MaterialU": {
    "ShaderAssign": {
      "AttribAssigns": {
        "_n0": "_n0",
        "_t0": "_t0",
        "_w0": "_w0",
        "_i0": "_i0",
        "_u0": "_u0",
        "_u1": "_u1",
        "_u2": "_u2"
      },
      "SamplerAssigns": {
        "_a0": "_a0",
        "_s0": "_s0",
        "_n0": "_n0",
        "_e0": "_e0",
        "_t0": "sampler0",
        "_a1": "sampler1"
      }
    },
    "Samplers": {
      "_a0": {
        "TexSampler": {
          "Values": [33690240, 4228710400, 2147483648]
        }
      }
    },
    "UserData": null
  },
  "shaderassign": {
    "options": {
      "uking_texture1_texcoord": 2,
      "uking_texture2_texcoord": 2,
      "uking_texture4_texcoord": 2,
      "uking_texture5_texcoord": 1,
      "uking_texture5_post": 1,
      "uking_enable_calc_color0": 1,
      "uking_color0_calc_type": 9,
      "uking_color0_A": 3,
      "uking_color0_B": 100,
      "uking_color0_C": 104,
      "uking_enable_calc_color1": 1,
      "uking_color1_calc_type": 2,
      "uking_color1_clamp01": 1,
      "uking_color1_before_normal": 1,
      "uking_color1_A": 503,
      "uking_color1_A_channel": null,
      "uking_color1_B": 106,
      "uking_color1_D_channel": 1,
      "uking_enable_calc_color2": 1,
      "uking_color2_calc_type": 11,
      "uking_color2_before_normal": 1,
      "uking_color2_A": 5,
      "uking_color2_B": 101,
      "uking_color2_C": 4,
      "uking_color2_D": 201,
      "uking_color2_D_channel": 1,
      "uking_enable_calc_color3": 1,
      "uking_color3_calc_type": 1,
      "uking_color3_before_normal": 1,
      "uking_color3_A": 200,
      "uking_color3_B": 202,
      "uking_vtx_position_modify_vector": 100,
      "uking_lumberjack_side_texcoord": null,
      "uking_enable_texcoord1": 1,
      "uking_texcoord1_mapping": 1,
      "uking_texcoord1_srt": null,
      "uking_enable_texcoord2": 1,
      "uking_texcoord2_mapping": 2,
      "uking_texcoord_toon_spec_mapping": 1,
      "uking_texcoord_toon_spec_srt": 3,
      "uking_normal_color": 2,
      "uking_material_attribute": null,
      "uking_metal_color": 3,
      "uking_specular_channel": 10,
      "uking_enable_emission": 1,
      "uking_emission_color": 203,
      "uking_enable_ao": null,
      "uking_ao_color": null
    },
    "samplers": {
      "_a0": "_a0",
      "_s0": "_s0",
      "_n0": "_n0",
      "_e0": "_e0",
      "_t0": "sampler0",
      "_a1": "sampler1"
    },
    "attributes": {
      "_n0": "_n0",
      "_t0": "_t0",
      "_w0": "_w0",
      "_i0": "_i0",
      "_u0": "_u0",
      "_u1": "_u1",
      "_u2": "_u2"
    }
  },
  "HasSpecularMap": true,
  "HasEmissionMap": true,
  "TextureMaps": {
    "Horse_Nushi_Alb": {
      "wiiUSampler": {
        "Values": [33690240, 4228710400, 2147483648]
      },
      "BiasLod": -1.0,
      "SamplerName": "_a0",
      "textureUnit": 1,
      "Type": "Diffuse"
    },
    "Horse_Nushi_Emm": {
      "SamplerName": "_e0",
      "textureUnit": 2,
      "Type": "Emission"
    },
    "Horse_Nushi_Nrm": {
      "SamplerName": "_n0",
      "textureUnit": 3,
      "Type": "Normal"
    },
    "Horse_Nushi_Spm": {
      "SamplerName": "_s0",
      "textureUnit": 4,
      "Type": "Specular"
    },
    "Horse_Nushi_Emm_2": {
      "SamplerName": "sampler0",
      "textureUnit": 5,
      "Type": "Emission"
    },
    "Horse_Nushi_Emm_3": {
      "SamplerName": "sampler1",
      "textureUnit": 6,
      "Type": "Emission"
    }
  },
  "text": "Mt_Body"
}