{
  "isTransparent": false,
  "renderinfo": {
    "gsys_priority_hint": "npc"
  },
  "matparam": {
    "const_value7": {
      "ValueFloat": [4.0]
    },
    "const_value0": {
      "ValueFloat": [0.1]
    },
    "const_value4": {
      "ValueFloat": [2.0]
    },
    "const_color0": {
      "ValueFloat": [0.0, 1.0, 0.306, 1.0]
    },
    "const_color4": {
      "ValueFloat": [1.4, 1.0, 0.0, 0.0]
    },
    "const_color5": {
      "ValueFloat": [2.8, 5.0, 1.0, 0.0]
    },
    "tex_srt3": {
      "ValueTexSrt": {
        "Mode": "Mode3dsMax",
        "Scaling": [-36.0, -36.0],
        "Rotation": 3.14159274
      }
    }
  },
  "MaterialU": {
    "RenderInfos": {
      "gsys_priority_hint": "npc"
    },
    "ShaderAssign": {
      "AttribAssigns": {
        "_n0": "_n0",
        "_t0": "_t0",
        "_i0": "_i0",
        "_u0": "_u0"
      },
      "SamplerAssigns": {
        "_a0": "_a0",
        "_s0": "_s0",
        "_n0": "_n0"
      },
      "ShaderOptions": {
        "uking_texture4_texcoord": 6,
        "uking_enable_proctexture4": 1,
        "uking_proctexture4_type": 100,
        "uking_proctexture4_param_A": 104,
        "uking_proctexture4_param_B": 105,
        "uking_texture5_texcoord": 6,
        "uking_enable_proctexture5": 1,
        "uking_proctexture5_type": 100,
        "uking_proctexture5_param_A": 106,
        "uking_proctexture5_param_B": 107,
        "uking_color0_calc_type": 2,
        "uking_color0_B": 3,
        "uking_enable_calc_color1": 1,
        "uking_color1_calc_type": 2,
        "uking_color1_A": 4,
        "uking_color1_B": 106,
        "uking_enable_calc_color2": 1,
        "uking_color2_calc_type": 2,
        "uking_color2_clamp01": 1,
        "uking_color2_A": 508,
        "uking_color2_B": 111,
        "uking_color2_C": 108,
        "uking_color2_C_channel": 2,
        "uking_color2_D": 400,
        "uking_enable_calc_color3": 1,
        "uking_color3_calc_type": 2,
        "uking_color3_clamp01": 1,
        "uking_color3_A": 202,
        "uking_color3_A_channel": 1,
        "uking_color3_B": 108,
        "uking_color3_C": 110,
        "uking_color3_D": 507,
        "uking_color3_D_channel": 1,
        "uking_enable_calc_color4": 1,
        "uking_color4_calc_type": 11,
        "uking_color4_A": 203,
        "uking_color4_B": 100,
        "uking_color4_C": 110,
        "uking_color4_D": 507,
        "uking_color4_D_channel": 1,
        "uking_enable_calc_color5": 1,
        "uking_color5_calc_type": 2,
        "uking_color5_A": 204,
        "uking_color5_B": 1,
        "uking_vtx_position_modify_vector": 100,
        "uking_enable_texcoord3": 1,
        "uking_texcoord3_mapping": 20,
        "uking_texcoord3_srt": 3,
        "uking_texcoord_toon_spec_mapping": 20,
        "uking_texcoord_toon_spec_srt": 3,
        "uking_normal_color": 2,
        "uking_material_behave": 104,
        "uking_metal_color": 201,
        "uking_specular_channel": 10,
        "uking_enable_emission": 1,
        "uking_emission_color": 205
      }
    },
    "Samplers": {
      "_a0": {
        "TexSampler": {
          "Values": [33690240, 4228710400, 2147483648]
        }
      }
    }
  },
  "shaderassign": {
    "options": {
      "uking_texture4_texcoord": 6,
      "uking_enable_proctexture4": 1,
      "uking_proctexture4_type": 100,
      "uking_proctexture4_param_A": 104,
      "uking_proctexture4_param_B": 105,
      "uking_texture5_texcoord": 6,
      "uking_enable_proctexture5": 1,
      "uking_proctexture5_type": 100,
      "uking_proctexture5_param_A": 106,
      "uking_proctexture5_param_B": 107,
      "uking_color0_calc_type": 2,
      "uking_color0_B": 3,
      "uking_enable_calc_color1": 1,
      "uking_color1_calc_type": 2,
      "uking_color1_A": 4,
      "uking_color1_B": 106,
      "uking_enable_calc_color2": 1,
      "uking_color2_calc_type": 2,
      "uking_color2_clamp01": 1,
      "uking_color2_A": 508,
      "uking_color2_B": 111,
      "uking_color2_C": 108,
      "uking_color2_C_channel": 2,
      "uking_color2_D": 400,
      "uking_enable_calc_color3": 1,
      "uking_color3_calc_type": 2,
      "uking_color3_clamp01": 1,
      "uking_color3_A": 202,
      "uking_color3_A_channel": 1,
      "uking_color3_B": 108,
      "uking_color3_C": 110,
      "uking_color3_D": 507,
      "uking_color3_D_channel": 1,
      "uking_enable_calc_color4": 1,
      "uking_color4_calc_type": 11,
      "uking_color4_A": 203,
      "uking_color4_B": 100,
      "uking_color4_C": 110,
      "uking_color4_D": 507,
      "uking_color4_D_channel": 1,
      "uking_enable_calc_color5": 1,
      "uking_color5_calc_type": 2,
      "uking_color5_A": 204,
      "uking_color5_B": 1,
      "uking_vtx_position_modify_vector": 100,
      "uking_enable_texcoord3": 1,
      "uking_texcoord3_mapping": 20,
      "uking_texcoord3_srt": 3,
      "uking_texcoord_toon_spec_mapping": 20,
      "uking_texcoord_toon_spec_srt": 3,
      "uking_normal_color": 2,
      "uking_material_behave": 104,
      "uking_metal_color": 201,
      "uking_specular_channel": 10,
      "uking_enable_emission": 1,
      "uking_emission_color": 205
    },
    "samplers": {
      "_a0": "_a0",
      "_s0": "_s0",
      "_n0": "_n0"
    },
    "attributes": {
      "_n0": "_n0",
      "_t0": "_t0",
      "_i0": "_i0",
      "_u0": "_u0"
    }
  },
  "HasSpecularMap": true,
  "TextureMaps": {
    "Pigeon_GlideModel_Eye_Alb.0": {
      "wiiUSampler": {
        "Values": [33690240, 4228710400, 2147483648]
      },
      "MaxLod": 13.0,
      "BiasLod": -1.0,
      "WrapModeS": "Repeat",
      "WrapModeT": "Repeat",
      "WrapModeW": "Clamp",
      "MinFilter": "Linear",
      "MagFilter": "Linear",
      "SamplerName": "_a0",
      "textureUnit": 1,
      "textureState": "Unbinded",
      "Type": "Diffuse"
    },
    "Pigeon_GlideModel_Eye_Nrm": {
      "WrapModeS": "Repeat",
      "WrapModeT": "Repeat",
      "SamplerName": "_n0",
      "textureUnit": 2,
      "Type": "Normal"
    },
    "Pigeon_GlideModel_Eye_Spm": {
      "WrapModeS": "Repeat",
      "WrapModeT": "Repeat",
      "SamplerName": "_s0",
      "textureUnit": 3,
      "Type": "Specular"
    }
  },
  "text": "Mt_Eye",
  "index": 1
}