{
  "isTransparent": true,
  "renderinfo": {
    "gsys_dynamic_reflection": 1,
    "gsys_priority_hint": "npc"
  },
  "matparam": {
    "const_value0": {
      "ValueFloat": [13.0]
    },
    "const_value1": {
      "ValueFloat": [300.0]
    },
    "const_value2": {
      "ValueFloat": [700.0]
    },
    "uk_damage_color": {
      "ValueFloat": [1.0, 0.0, 0.0, 0.0]
    },
    "tex_srt3": {
      "ValueTexSrt": {
        "Scaling": [50.0, 50.0],
        "Rotation": 1.65806282
      }
    }
  },
  "MaterialU": {
    "RenderInfos": {
      "gsys_dynamic_reflection": 1,
      "gsys_priority_hint": "npc"
    },
    "RenderState": {
      "_flags": 2,
      "_alphaControl": 14
    },
    "ShaderAssign": {
      "AttribAssigns": {
        "_n0": "_n0",
        "_t0": "_t0",
        "_u0": "_u0"
      },
      "SamplerAssigns": {
        "_a0": "_a0",
        "_s0": "_s0",
        "_n0": "_n0",
        "_e0": "_e0"
      },
      "ShaderOptions": {
        "uking_enable_calc_color0": 1,
        "uking_color0_calc_type": 21,
        "uking_color0_clamp01": 1,
        "uking_color0_A": 510,
        "uking_color0_A_channel": 2,
        "uking_color0_B": 401,
        "uking_color0_C": 507,
        "uking_color0_C_channel": 1,
        "uking_color0_D": 403,
        "uking_enable_calc_color1": 1,
        "uking_color1_calc_type": 29,
        "uking_color1_A": 509,
        "uking_color1_B": 105,
        "uking_color1_C": 510,
        "uking_color1_D": 406,
        "uking_enable_calc_color2": 1,
        "uking_color2_calc_type": 30,
        "uking_color2_A": 509,
        "uking_color2_B": 106,
        "uking_color2_C": 510,
        "uking_color2_D": 401,
        "uking_enable_calc_color3": 1,
        "uking_color3_calc_type": 19,
        "uking_color3_A": 201,
        "uking_color3_B": 202,
        "uking_color3_C": 403,
        "uking_color3_D": 200,
        "uking_enable_calc_color4": 1,
        "uking_color4_calc_type": 2,
        "uking_color4_A": 203,
        "uking_color4_B": 401,
        "uking_color4_C": 400,
        "uking_color4_D": 400,
        "uking_enable_calc_color5": 1,
        "uking_color5_calc_type": 11,
        "uking_color5_A": 3,
        "uking_color5_B": 100,
        "uking_color5_C": 104,
        "uking_color5_D": 204,
        "uking_vtx_position_modify_vector": 100,
        "uking_texcoord_toon_spec_srt": 3,
        "uking_normal_color": 2,
        "uking_metal_color": 3,
        "uking_specular_channel": 10,
        "uking_enable_emission": 1,
        "uking_emission_color": 205
      }
    }
  },
  "shaderassign": {
    "options": {
      "uking_enable_calc_color0": 1,
      "uking_color0_calc_type": 21,
      "uking_color0_clamp01": 1,
      "uking_color0_A": 510,
      "uking_color0_A_channel": 2,
      "uking_color0_B": 401,
      "uking_color0_C": 507,
      "uking_color0_C_channel": 1,
      "uking_color0_D": 403,
      "uking_enable_calc_color1": 1,
      "uking_color1_calc_type": 29,
      "uking_color1_A": 509,
      "uking_color1_B": 105,
      "uking_color1_C": 510,
      "uking_color1_D": 406,
      "uking_enable_calc_color2": 1,
      "uking_color2_calc_type": 30,
      "uking_color2_A": 509,
      "uking_color2_B": 106,
      "uking_color2_C": 510,
      "uking_color2_D": 401,
      "uking_enable_calc_color3": 1,
      "uking_color3_calc_type": 19,
      "uking_color3_A": 201,
      "uking_color3_B": 202,
      "uking_color3_C": 403,
      "uking_color3_D": 200,
      "uking_enable_calc_color4": 1,
      "uking_color4_calc_type": 2,
      "uking_color4_A": 203,
      "uking_color4_B": 401,
      "uking_color4_C": 400,
      "uking_color4_D": 400,
      "uking_enable_calc_color5": 1,
      "uking_color5_calc_type": 11,
      "uking_color5_A": 3,
      "uking_color5_B": 100,
      "uking_color5_C": 104,
      "uking_color5_D": 204,
      "uking_vtx_position_modify_vector": 100,
      "uking_texcoord_toon_spec_srt": 3,
      "uking_normal_color": 2,
      "uking_metal_color": 3,
      "uking_specular_channel": 10,
      "uking_enable_emission": 1,
      "uking_emission_color": 205
    },
    "samplers": {
      "_a0": "_a0",
      "_s0": "_s0",
      "_n0": "_n0",
      "_e0": "_e0"
    },
    "attributes": {
      "_n0": "_n0",
      "_t0": "_t0",
      "_u0": "_u0"
    }
  },
  "HasSpecularMap": true,
  "HasEmissionMap": true,
  "TextureMaps": {
    "Trout_Glow_Alb": {
      "WrapModeS": "Repeat",
      "WrapModeT": "Repeat",
      "SamplerName": "_a0",
      "textureUnit": 1,
      "Type": "Diffuse"
    },
    "Trout_Glow_Emm": {
      "WrapModeS": "Repeat",
      "WrapModeT": "Repeat",
      "SamplerName": "_e0",
      "textureUnit": 2,
      "Type": "Emission"
    },
    "Trout_Glow_Nrm": {
      "WrapModeS": "Repeat",
      "WrapModeT": "Repeat",
      "SamplerName": "_n0",
      "textureUnit": 3,
      "Type": "Normal"
    },
    "Trout_Glow_Spm": {
      "WrapModeS": "Repeat",
      "WrapModeT": "Repeat",
      "SamplerName": "_s0",
      "textureUnit": 4,
      "Type": "Specular"
    }
  }
}