{
  "isTransparent": false,
  "renderinfo": {
    "gsys_cube_map": null,
    "gsys_dynamic_reflection": 1,
    "gsys_priority_hint": "npc",
    "uking_edit_sky_occlusion": null
  },
  "matparam": {
    "const_value3": {
      "ValueFloat": [0.5]
    },
    "const_value0": {
      "ValueFloat": [0.02]
    },
    "const_value1": {
      "ValueFloat": [0.4]
    },
    "const_color5": {
      "ValueFloat": [1.0, 1.0, 1.0, 0.57]
    },
    "tex_srt3": {
      "ValueTexSrt": {
        "Scaling": [100.0, 100.0]
      }
    }
  },
  "MaterialU": {
    "ShaderAssign": {
      "AttribAssigns": {
        "_n0": "_n0",
        "_t0": "_t0",
        "_w0": "_w0",
        "_i0": "_i0",
        "_u0": "_u0"
      },
      "SamplerAssigns": {
        "_a0": "_a0",
        "_s0": "_s0",
        "_n0": "_n0",
        "_e0": "_e0"
      }
    },
    "Samplers": {
      "_a0": {
        "TexSampler": {
          "Values": [33690240, 4228710400, 2147483648]
        }
      },
      "_e0": {
        "TexSampler": {
          "Values": [33690240, 196608, 2147483648]
        }
      }
    },
    "UserData": null
  },
  "shaderassign": {
    "options": {
      "uking_enable_calc_color0": 1,
      "uking_color0_calc_type": 8,
      "uking_color0_clamp01": 1,
      "uking_color0_A": 504,
      "uking_color0_A_channel": 10,
      "uking_color0_B": 104,
      "uking_color0_C": 105,
      "uking_color0_C_channel": 2,
      "uking_color0_D": 400,
      "uking_enable_calc_color1": 1,
      "uking_color1_calc_type": 8,
      "uking_color1_A": 200,
      "uking_color1_A_channel": null,
      "uking_color1_B": 107,
      "uking_color1_C": 400,
      "uking_color1_D": 400,
      "uking_enable_calc_color2": 1,
      "uking_color2_calc_type": 11,
      "uking_color2_A": 3,
      "uking_color2_B": 100,
      "uking_color2_C": 3,
      "uking_color2_D": 100,
      "uking_enable_calc_color3": 1,
      "uking_color3_calc_type": 9,
      "uking_color3_A": 202,
      "uking_color3_B": 201,
      "uking_color3_C": 106,
      "uking_color3_D": 400,
      "uking_enable_calc_color4": 1,
      "uking_color4_calc_type": 9,
      "uking_color4_A": 3,
      "uking_color4_B": 100,
      "uking_color4_C": 106,
      "uking_color4_D": 400,
      "uking_color5_calc_type": 1,
      "uking_enable_calc_color7": 1,
      "uking_color7_calc_type": 1,
      "uking_color7_A": 203,
      "uking_color7_B": 204,
      "uking_color7_C": 400,
      "uking_color7_D": 400,
      "uking_vtx_position_modify_vector": 100,
      "uking_lumberjack_side_texcoord": null,
      "uking_texcoord0_srt": null,
      "uking_normal_color": 2,
      "uking_material_attribute": null,
      "uking_material_behave": 10,
      "uking_metal_color": 1,
      "uking_metal_channel": 20,
      "uking_specular_channel": 10,
      "uking_enable_emission": 1,
      "uking_emission_color": 207,
      "uking_enable_ao": null,
      "uking_ao_color": null
    },
    "samplers": {
      "_a0": "_a0",
      "_s0": "_s0",
      "_n0": "_n0",
      "_e0": "_e0"
    },
    "attributes": {
      "_n0": "_n0",
      "_t0": "_t0",
      "_w0": "_w0",
      "_i0": "_i0",
      "_u0": "_u0"
    }
  },
  "HasSpecularMap": true,
  "HasEmissionMap": true,
  "TextureMaps": {
    "Rabbit_Gold_Eye_Alb": {
      "wiiUSampler": {
        "Values": [33690240, 4228710400, 2147483648]
      },
      "BiasLod": -1.0,
      "SamplerName": "_a0",
      "textureUnit": 1,
      "Type": "Diffuse"
    },
    "Rabbit_Gold_Eye_Emm": {
      "wiiUSampler": {
        "Values": [33690240, 196608, 2147483648]
      },
      "MaxLod": 3.0,
      "SamplerName": "_e0",
      "textureUnit": 2,
      "Type": "Emission"
    },
    "Rabbit_Gold_Eye_Nrm": {
      "SamplerName": "_n0",
      "textureUnit": 3,
      "Type": "Normal"
    },
    "Rabbit_Gold_Eye_Spm": {
      "SamplerName": "_s0",
      "textureUnit": 4,
      "Type": "Specular"
    }
  },
  "text": "Mt_Eye",
  "index": 1
}