{
  "isTransparent": false,
  "renderinfo": {
    "gsys_dynamic_reflection": 1,
    "gsys_priority_hint": "npc"
  },
  "matparam": {
    "const_value2": {
      "ValueFloat": [-0.01]
    },
    "const_vector0": {
      "ValueFloat": [0.0, 0.0, -1.0, 0.0]
    },
    "tex_srt3": {
      "ValueTexSrt": {
        "Scaling": [100.0, 100.0]
      }
    }
  },
  "MaterialU": {
    "RenderInfos": {
      "gsys_dynamic_reflection": 1,
      "gsys_priority_hint": "npc"
    },
    "ShaderAssign": {
      "AttribAssigns": {
        "_n0": "_n0",
        "_t0": "_t0",
        "_w0": "_w0",
        "_i0": "_i0",
        "_u0": "_u0",
        "_c0": "_c0"
      },
      "SamplerAssigns": {
        "_a0": "_a0",
        "_s0": "_s0",
        "_n0": "_n0"
      },
      "ShaderOptions": {
        "uking_vtx_position_modify_calc_type": 2,
        "uking_vtx_position_modify_shadow_only": 1,
        "uking_vtx_position_modify_vector": 114,
        "uking_vtx_position_modify_A": 300,
        "uking_vtx_position_modify_A_channel": 1,
        "uking_vtx_position_modify_B": 106,
        "uking_force_export_vtx_color": 1,
        "uking_normal_color": 2,
        "uking_material_behave": 100,
        "uking_metal_color": 3,
        "uking_specular_channel": 10,
        "uking_specular_hair": 402,
        "uking_transparency_color": 402
      }
    },
    "Samplers": {
      "_a0": {
        "TexSampler": {
          "Values": [33690240, 4228710400, 2147483648]
        }
      }
    },
    "UserData": {
      "HideMaterialGroup": ["G_Head", "G_Face_Only", "G_Head_All"]
    }
  },
  "shaderassign": {
    "options": {
      "uking_texture_array_texture0": -1,
      "uking_texture_array_texture1": -1,
      "uking_texture_array_texture2": -1,
      "uking_texture_array_texture3": -1,
      "uking_texture_array_texture4": -1,
      "uking_texture_array_texture5": -1,
      "uking_vtx_position_modify_calc_type": 2,
      "uking_vtx_position_modify_shadow_only": 1,
      "uking_vtx_position_modify_vector": 114,
      "uking_vtx_position_modify_A": 300,
      "uking_vtx_position_modify_A_channel": 1,
      "uking_vtx_position_modify_B": 106,
      "uking_force_export_vtx_color": 1,
      "uking_normal_color": 2,
      "uking_material_behave": 100,
      "uking_metal_color": 3,
      "uking_specular_channel": 10,
      "uking_specular_hair": 402,
      "uking_transparency_color": 402
    },
    "samplers": {
      "_a0": "_a0",
      "_s0": "_s0",
      "_n0": "_n0"
    },
    "attributes": {
      "_n0": "_n0",
      "_t0": "_t0",
      "_w0": "_w0",
      "_i0": "_i0",
      "_u0": "_u0",
      "_c0": "_c0"
    }
  },
  "HasSpecularMap": true,
  "TextureMaps": {
    "Link_Hair_Alb": {
      "wiiUSampler": {
        "Values": [33690240, 4228710400, 2147483648]
      },
      "BiasLod": -1.0,
      "WrapModeS": "Repeat",
      "WrapModeT": "Repeat",
      "SamplerName": "_a0",
      "textureUnit": 1,
      "Type": "Diffuse"
    },
    "Link_Hair_Nrm": {
      "WrapModeS": "Repeat",
      "WrapModeT": "Repeat",
      "SamplerName": "_n0",
      "textureUnit": 2,
      "Type": "Normal"
    },
    "Link_Hair_Spm": {
      "WrapModeS": "Repeat",
      "WrapModeT": "Repeat",
      "SamplerName": "_s0",
      "textureUnit": 3,
      "Type": "Specular"
    }
  },
  "text": "Mt_Hair"
}