{
  "isTransparent": true,
  "renderinfo": {
    "gsys_dynamic_reflection": 1,
    "gsys_priority_hint": "npc"
  },
  "matparam": {
    "const_value0": {
      "ValueFloat": [10.0]
    },
    "const_color0": {
      "ValueFloat": [0.025, 0.25, 1.0, 1.0]
    },
    "uk_damage_color": {
      "ValueFloat": [1.0, 0.0, 0.0, 0.0]
    }
  },
  "MaterialU": {
    "RenderInfos": {
      "gsys_dynamic_reflection": 1,
      "gsys_priority_hint": "npc"
    },
    "RenderState": {
      "_flags": 2,
      "_alphaControl": 14
    },
    "ShaderAssign": {
      "AttribAssigns": {
        "_n0": "_n0",
        "_t0": "_t0",
        "_i0": "_i0",
        "_u0": "_u0"
      },
      "SamplerAssigns": {
        "_a0": "_a0",
        "_s0": "_s0",
        "_n0": "_n0",
        "_e0": "_e0"
      },
      "ShaderOptions": {
        "uking_enable_calc_color0": 1,
        "uking_color0_calc_type": 9,
        "uking_color0_A": 3,
        "uking_color0_B": 100,
        "uking_color0_C": 104,
        "uking_vtx_position_modify_vector": 100,
        "uking_texcoord_toon_spec_srt": 3,
        "uking_normal_color": 2,
        "uking_metal_color": 3,
        "uking_specular_channel": 10,
        "uking_enable_emission": 1,
        "uking_emission_color": 200
      }
    },
    "Samplers": {
      "_a0": {
        "TexSampler": {
          "Values": [33690240, 4228710400, 2147483648]
        }
      }
    }
  },
  "shaderassign": {
    "options": {
      "uking_enable_calc_color0": 1,
      "uking_color0_calc_type": 9,
      "uking_color0_A": 3,
      "uking_color0_B": 100,
      "uking_color0_C": 104,
      "uking_vtx_position_modify_vector": 100,
      "uking_texcoord_toon_spec_srt": 3,
      "uking_normal_color": 2,
      "uking_metal_color": 3,
      "uking_specular_channel": 10,
      "uking_enable_emission": 1,
      "uking_emission_color": 200
    },
    "samplers": {
      "_a0": "_a0",
      "_s0": "_s0",
      "_n0": "_n0",
      "_e0": "_e0"
    },
    "attributes": {
      "_n0": "_n0",
      "_t0": "_t0",
      "_i0": "_i0",
      "_u0": "_u0"
    }
  },
  "HasEmissionMap": true,
  "TextureMaps": {
    "Armor_181_Emm_Alb": {
      "wiiUSampler": {
        "Values": [33690240, 4228710400, 2147483648]
      },
      "BiasLod": -1.0,
      "WrapModeS": "Repeat",
      "WrapModeT": "Repeat",
      "SamplerName": "_a0",
      "textureUnit": 1,
      "Type": "Diffuse"
    },
    "Armor_181_Emm_Emm": {
      "WrapModeS": "Repeat",
      "WrapModeT": "Repeat",
      "SamplerName": "_e0",
      "textureUnit": 2,
      "Type": "Emission"
    },
    "Armor_181_Emm_Nrm": {
      "WrapModeS": "Repeat",
      "WrapModeT": "Repeat",
      "SamplerName": "_n0",
      "textureUnit": 3,
      "Type": "Normal"
    },
    "Armor_181_Emm_Spm": {
      "WrapModeS": "Repeat",
      "WrapModeT": "Repeat",
      "SamplerName": "_s0",
      "textureUnit": 4,
      "Type": "Emission"
    }
  },
  "text": "Mt_Heademm_181",
  "index": 2
}