{
  "isTransparent": false,
  "renderinfo": {
    "gsys_dynamic_reflection": 1,
    "gsys_priority_hint": "npc"
  },
  "matparam": {
    "texture_array_index0": {
      "ValueFloat": [
        0.0
      ]
    },
    "texture_array_index1": {
      "ValueFloat": [
        0.0
      ]
    },
    "texture_array_index2": {
      "ValueFloat": [
        0.0
      ]
    },
    "texture_array_index3": {
      "ValueFloat": [
        0.0
      ]
    },
    "texture_array_index4": {
      "ValueFloat": [
        0.0
      ]
    },
    "texture_array_index5": {
      "ValueFloat": [
        0.0
      ]
    },
    "gsys_alpha_test_ref_value": {
      "DependedIndex": 31,
      "DependIndex": 31,
      "Type": "Float",
      "HasPadding": false,
      "ValueFloat": [
        0.0
      ],
      "ValueSrt2D": {
        "Scaling": [
          0.0,
          0.0
        ],
        "Translation": [
          0.0,
          0.0
        ]
      },
      "ValueSrt3D": {
        "Scaling": [
          0.0,
          0.0,
          0.0
        ],
        "Rotation": [
          0.0,
          0.0,
          0.0
        ],
        "Translation": [
          0.0,
          0.0,
          0.0
        ]
      },
      "ValueTexSrt": {
        "Mode": "ModeMaya",
        "Scaling": [
          0.0,
          0.0
        ],
        "Translation": [
          0.0,
          0.0
        ]
      },
      "ValueTexSrtEx": {
        "Mode": "ModeMaya",
        "Scaling": [
          0.0,
          0.0
        ],
        "Translation": [
          0.0,
          0.0
        ]
      }
    },
    "const_value0": {
      "ValueFloat": [
        1.2
      ]
    },
    "const_value1": {
      "ValueFloat": [
        250.0
      ]
    },
    "gsys_bake_light_scale": {
      "DependedIndex": 44,
      "DependIndex": 44,
      "Type": "Float3",
      "HasPadding": false,
      "ValueFloat": [
        1.0,
        1.0,
        1.0
      ],
      "ValueSrt2D": {
        "Scaling": [
          0.0,
          0.0
        ],
        "Translation": [
          0.0,
          0.0
        ]
      },
      "ValueSrt3D": {
        "Scaling": [
          0.0,
          0.0,
          0.0
        ],
        "Rotation": [
          0.0,
          0.0,
          0.0
        ],
        "Translation": [
          0.0,
          0.0,
          0.0
        ]
      },
      "ValueTexSrt": {
        "Mode": "ModeMaya",
        "Scaling": [
          0.0,
          0.0
        ],
        "Translation": [
          0.0,
          0.0
        ]
      },
      "ValueTexSrtEx": {
        "Mode": "ModeMaya",
        "Scaling": [
          0.0,
          0.0
        ],
        "Translation": [
          0.0,
          0.0
        ]
      }
    },
    "gsys_bake_st0": {
      "DependedIndex": 45,
      "DependIndex": 45,
      "Type": "Float4",
      "HasPadding": false,
      "ValueFloat": [
        0.0,
        0.0,
        0.0,
        0.0
      ],
      "ValueSrt2D": {
        "Scaling": [
          0.0,
          0.0
        ],
        "Translation": [
          0.0,
          0.0
        ]
      },
      "ValueSrt3D": {
        "Scaling": [
          0.0,
          0.0,
          0.0
        ],
        "Rotation": [
          0.0,
          0.0,
          0.0
        ],
        "Translation": [
          0.0,
          0.0,
          0.0
        ]
      },
      "ValueTexSrt": {
        "Mode": "ModeMaya",
        "Scaling": [
          0.0,
          0.0
        ],
        "Translation": [
          0.0,
          0.0
        ]
      },
      "ValueTexSrtEx": {
        "Mode": "ModeMaya",
        "Scaling": [
          0.0,
          0.0
        ],
        "Translation": [
          0.0,
          0.0
        ]
      }
    },
    "const_color0": {
      "ValueFloat": [
        0.058187183,
        0.7592996,
        0.36360392,
        1.0
      ]
    },
    "gsys_bake_st1": {
      "DependedIndex": 48,
      "DependIndex": 48,
      "Type": "Float4",
      "HasPadding": false,
      "ValueFloat": [
        0.0,
        0.0,
        0.0,
        0.0
      ],
      "ValueSrt2D": {
        "Scaling": [
          0.0,
          0.0
        ],
        "Translation": [
          0.0,
          0.0
        ]
      },
      "ValueSrt3D": {
        "Scaling": [
          0.0,
          0.0,
          0.0
        ],
        "Rotation": [
          0.0,
          0.0,
          0.0
        ],
        "Translation": [
          0.0,
          0.0,
          0.0
        ]
      },
      "ValueTexSrt": {
        "Mode": "ModeMaya",
        "Scaling": [
          0.0,
          0.0
        ],
        "Translation": [
          0.0,
          0.0
        ]
      },
      "ValueTexSrtEx": {
        "Mode": "ModeMaya",
        "Scaling": [
          0.0,
          0.0
        ],
        "Translation": [
          0.0,
          0.0
        ]
      }
    },
    "tex_srt3": {
      "ValueTexSrt": {
        "Scaling": [
          65.0,
          65.0
        ],
        "Rotation": 0.610865235
      }
    }
  },
  "MaterialU": {
    "RenderInfos": {
      "gsys_dynamic_reflection": 1,
      "gsys_priority_hint": "npc"
    },
    "ShaderAssign": {
      "AttribAssigns": {
        "_n0": "_n0",
        "_t0": "_t0",
        "_w0": "_w0",
        "_i0": "_i0",
        "_u0": "_u0",
        "_u1": "_u1"
      },
      "SamplerAssigns": {
        "_a0": "_a0",
        "_s0": "_s0",
        "_n0": "_n0",
        "_e0": "_e0"
      },
      "ShaderOptions": {
        "uking_texture1_texcoord": 1,
        "uking_texture2_texcoord": 1,
        "uking_enable_calc_color0": 1,
        "uking_color0_A": 1,
        "uking_color0_A_channel": 20,
        "uking_enable_calc_color1": 1,
        "uking_color1_calc_type": 9,
        "uking_color1_A": 3,
        "uking_color1_B": 100,
        "uking_color1_C": 104,
        "uking_enable_calc_color2": 1,
        "uking_color2_calc_type": 21,
        "uking_color2_clamp01": 1,
        "uking_color2_A": 401,
        "uking_color2_A_channel": 2,
        "uking_color2_B": 401,
        "uking_color2_C": 507,
        "uking_color2_C_channel": 1,
        "uking_color2_D": 403,
        "uking_enable_calc_color3": 1,
        "uking_color3_calc_type": 29,
        "uking_color3_A": 509,
        "uking_color3_B": 105,
        "uking_color3_C": 400,
        "uking_color3_D": 406,
        "uking_enable_calc_color4": 1,
        "uking_color4_calc_type": 5,
        "uking_color4_A": 203,
        "uking_color4_B": 402,
        "uking_color4_C": 202,
        "uking_color4_D": 400,
        "uking_enable_calc_color5": 1,
        "uking_color5_calc_type": 2,
        "uking_color5_A": 201,
        "uking_color5_B": 204,
        "uking_color5_C": 400,
        "uking_color5_D": 400,
        "uking_vtx_position_modify_vector": 100,
        "uking_enable_texcoord1": 1,
        "uking_texcoord1_mapping": 1,
        "uking_texcoord_toon_spec_mapping": 1,
        "uking_texcoord_toon_spec_srt": 3,
        "uking_normal_color": 2,
        "uking_material_behave": 2,
        "uking_metal_color": 200,
        "uking_specular_channel": 10,
        "uking_enable_emission": 1,
        "uking_emission_color": 205
      }
    }
  },
  "shaderassign": {
    "options": {
      "uking_texture_array_texture0": -1,
      "uking_texture1_texcoord": 1,
      "uking_texture_array_texture1": -1,
      "uking_texture2_texcoord": 1,
      "uking_texture_array_texture2": -1,
      "uking_texture_array_texture3": -1,
      "uking_texture_array_texture4": -1,
      "uking_texture_array_texture5": -1,
      "uking_enable_calc_color0": 1,
      "uking_color0_A": 1,
      "uking_color0_A_channel": 20,
      "uking_enable_calc_color1": 1,
      "uking_color1_calc_type": 9,
      "uking_color1_A": 3,
      "uking_color1_B": 100,
      "uking_color1_C": 104,
      "uking_enable_calc_color2": 1,
      "uking_color2_calc_type": 21,
      "uking_color2_clamp01": 1,
      "uking_color2_A": 401,
      "uking_color2_A_channel": 2,
      "uking_color2_B": 401,
      "uking_color2_C": 507,
      "uking_color2_C_channel": 1,
      "uking_color2_D": 403,
      "uking_enable_calc_color3": 1,
      "uking_color3_calc_type": 29,
      "uking_color3_A": 509,
      "uking_color3_B": 105,
      "uking_color3_C": 400,
      "uking_color3_D": 406,
      "uking_enable_calc_color4": 1,
      "uking_color4_calc_type": 5,
      "uking_color4_A": 203,
      "uking_color4_B": 402,
      "uking_color4_C": 202,
      "uking_color4_D": 400,
      "uking_enable_calc_color5": 1,
      "uking_color5_calc_type": 2,
      "uking_color5_A": 201,
      "uking_color5_B": 204,
      "uking_color5_C": 400,
      "uking_color5_D": 400,
      "uking_vtx_position_modify_vector": 100,
      "uking_enable_texcoord1": 1,
      "uking_texcoord1_mapping": 1,
      "uking_texcoord_toon_spec_mapping": 1,
      "uking_texcoord_toon_spec_srt": 3,
      "uking_normal_color": 2,
      "uking_material_behave": 2,
      "uking_metal_color": 200,
      "uking_specular_channel": 10,
      "uking_enable_emission": 1,
      "uking_emission_color": 205
    },
    "samplers": {
      "_a0": "_a0",
      "_s0": "_s0",
      "_n0": "_n0",
      "_e0": "_e0"
    },
    "attributes": {
      "_n0": "_n0",
      "_t0": "_t0",
      "_w0": "_w0",
      "_i0": "_i0",
      "_u0": "_u0",
      "_u1": "_u1"
    }
  },
  "HasSpecularMap": true,
  "HasEmissionMap": true,
  "TextureMaps": {
    "Armor_017_Head_Alb.0": {
      "wiiUSampler": {
        "Values": [
          33690240,
          851968,
          2147483648
        ]
      },
      "MaxLod": 13.0,
      "WrapModeS": "Repeat",
      "WrapModeT": "Repeat",
      "WrapModeW": "Clamp",
      "MinFilter": "Linear",
      "MagFilter": "Linear",
      "SamplerName": "_a0",
      "textureUnit": 1,
      "textureState": "Unbinded",
      "Type": "Diffuse"
    },
    "Armor_017_Head_Emm": {
      "WrapModeS": "Repeat",
      "WrapModeT": "Repeat",
      "SamplerName": "_e0",
      "textureUnit": 2,
      "Type": "Emission"
    },
    "Armor_017_Head_Nrm": {
      "WrapModeS": "Repeat",
      "WrapModeT": "Repeat",
      "SamplerName": "_n0",
      "textureUnit": 3,
      "Type": "Normal"
    },
    "Armor_017_Head_Spm": {
      "WrapModeS": "Repeat",
      "WrapModeT": "Repeat",
      "SamplerName": "_s0",
      "textureUnit": 4,
      "Type": "Specular"
    }
  },
  "text": "Mt_Head_017",
  "index": 1
}