{
  "isTransparent": false,
  "renderinfo": {
    "gsys_dynamic_reflection": 1,
    "gsys_priority_hint": "npc"
  },
  "matparam": {
    "const_value2": {
      "ValueFloat": [0.028]
    },
    "const_vector0": {
      "ValueFloat": [0.0, 0.0, -1.0, 0.0]
    },
    "tex_srt3": {
      "ValueTexSrt": {
        "Scaling": [130.0, 130.0],
        "Rotation": -0.436332315
      }
    }
  },
  "MaterialU": {
    "RenderInfos": {
      "gsys_dynamic_reflection": 1,
      "gsys_priority_hint": "npc"
    },
    "ShaderAssign": {
      "AttribAssigns": {
        "_n0": "_n0",
        "_t0": "_t0",
        "_w0": "_w0",
        "_i0": "_i0",
        "_u0": "_u0",
        "_u1": "_u1",
        "_c0": "_c0"
      },
      "SamplerAssigns": {
        "_a0": "_a0",
        "_s0": "_s0",
        "_n0": "_n0",
        "_a1": "_ao0"
      },
      "ShaderOptions": {
        "uking_texture1_texcoord": 1,
        "uking_texture2_texcoord": 1,
        "uking_texture5_texcoord": 1,
        "uking_modify_position_type": 2,
        "uking_vtx_position_modify_calc_type": 8,
        "uking_vtx_position_modify_shadow_only": 1,
        "uking_vtx_position_modify_vector": 114,
        "uking_vtx_position_modify_A": 300,
        "uking_vtx_position_modify_A_channel": 1,
        "uking_vtx_position_modify_B": 106,
        "uking_vtx_position_modify_C": 107,
        "uking_vtx_position_modify_C_channel": 1,
        "uking_force_export_vtx_color": 1,
        "uking_enable_texcoord1": 1,
        "uking_texcoord1_mapping": 1,
        "uking_texcoord_toon_spec_mapping": 1,
        "uking_texcoord_toon_spec_srt": 3,
        "uking_normal_color": 2,
        "uking_material_behave": 101,
        "uking_metal_color": 3,
        "uking_specular_channel": 10,
        "uking_ao_color": 5
      }
    },
    "Samplers": {
      "_a0": {
        "TexSampler": {
          "Values": [33690240, 4228710400, 2147483648]
        }
      }
    }
  },
  "shaderassign": {
    "options": {
      "uking_texture1_texcoord": 1,
      "uking_texture2_texcoord": 1,
      "uking_texture5_texcoord": 1,
      "uking_modify_position_type": 2,
      "uking_vtx_position_modify_calc_type": 8,
      "uking_vtx_position_modify_shadow_only": 1,
      "uking_vtx_position_modify_vector": 114,
      "uking_vtx_position_modify_A": 300,
      "uking_vtx_position_modify_A_channel": 1,
      "uking_vtx_position_modify_B": 106,
      "uking_vtx_position_modify_C": 107,
      "uking_vtx_position_modify_C_channel": 1,
      "uking_force_export_vtx_color": 1,
      "uking_enable_texcoord1": 1,
      "uking_texcoord1_mapping": 1,
      "uking_texcoord_toon_spec_mapping": 1,
      "uking_texcoord_toon_spec_srt": 3,
      "uking_normal_color": 2,
      "uking_material_behave": 101,
      "uking_metal_color": 3,
      "uking_specular_channel": 10,
      "uking_ao_color": 5
    },
    "samplers": {
      "_a0": "_a0",
      "_s0": "_s0",
      "_n0": "_n0",
      "_a1": "_ao0"
    },
    "attributes": {
      "_n0": "_n0",
      "_t0": "_t0",
      "_w0": "_w0",
      "_i0": "_i0",
      "_u0": "_u0",
      "_u1": "_u1",
      "_c0": "_c0"
    }
  },
  "HasSpecularMap": true,
  "HasAmbientOcclusionMap": true,
  "TextureMaps": {
    "Armor_160_Head_Alb": {
      "wiiUSampler": {
        "Values": [33690240, 4228710400, 2147483648]
      },
      "BiasLod": -1.0,
      "WrapModeS": "Repeat",
      "WrapModeT": "Repeat",
      "SamplerName": "_a0",
      "textureUnit": 1,
      "Type": "Diffuse"
    },
    "Link_Head_Nrm": {
      "WrapModeS": "Repeat",
      "WrapModeT": "Repeat",
      "SamplerName": "_n0",
      "textureUnit": 2,
      "Type": "Normal"
    },
    "Link_Head_Spm": {
      "WrapModeS": "Repeat",
      "WrapModeT": "Repeat",
      "SamplerName": "_s0",
      "textureUnit": 3,
      "Type": "Specular"
    },
    "Link_Head_AO": {
      "WrapModeS": "Repeat",
      "WrapModeT": "Repeat",
      "SamplerName": "_ao0",
      "textureUnit": 4,
      "Type": "AO"
    }
  },
  "text": "Mt_Face_160",
  "index": 1
}