{
  "isTransparent": false,
  "renderinfo": {
    "gsys_dynamic_reflection": 1,
    "gsys_priority_hint": "npc"
  },
  "matparam": {
    "const_value3": {
      "ValueFloat": [-0.5]
    },
    "const_value0": {
      "ValueFloat": [0.7]
    },
    "const_value1": {
      "ValueFloat": [0.1]
    },
    "const_value2": {
      "ValueFloat": [-5.0]
    },
    "const_color0": {
      "ValueFloat": [0.440357059, 0.456263453, 0.310906738, 1.0]
    },
    "tex_srt3": {
      "ValueTexSrt": {
        "Scaling": [100.0, 100.0]
      }
    }
  },
  "MaterialU": {
    "RenderInfos": {
      "gsys_dynamic_reflection": 1,
      "gsys_priority_hint": "npc"
    },
    "RenderState": {
      "_flags": 16,
      "_alphaControl": 14,
      "_colorControl": 13369600
    },
    "ShaderAssign": {
      "AttribAssigns": {
        "_n0": "_n0",
        "_t0": "_t0",
        "_w0": "_w0",
        "_i0": "_i0",
        "_u0": "_u0"
      },
      "SamplerAssigns": {
        "_n0": "_n0"
      },
      "ShaderOptions": {
        "uking_texture1_texcoord": 3,
        "uking_texture1_post": 1,
        "gsys_enable_color_buffer": 1,
        "uking_texture_scene_color_post": 1,
        "uking_texture_scene_color0_texcoord": 4,
        "uking_enable_calc_color0": 1,
        "uking_color0_calc_type": 7,
        "uking_color0_clamp01": 1,
        "uking_color0_before_normal": 1,
        "uking_color0_A": 503,
        "uking_color0_A_channel": 10,
        "uking_color0_B": 104,
        "uking_color0_B_channel": 10,
        "uking_color0_C": 400,
        "uking_color0_D": 400,
        "uking_enable_calc_color1": 1,
        "uking_color1_calc_type": 5,
        "uking_color1_clamp01": 1,
        "uking_color1_A": 504,
        "uking_color1_A_channel": 10,
        "uking_color1_B": 106,
        "uking_color1_B_channel": 10,
        "uking_color1_C": 105,
        "uking_color1_C_channel": 10,
        "uking_color1_D": 400,
        "uking_color1_D_channel": 10,
        "uking_enable_calc_color2": 1,
        "uking_color2_calc_type": 1,
        "uking_color2_clamp01": 1,
        "uking_color2_before_normal": 1,
        "uking_color2_A": 200,
        "uking_color2_B": 201,
        "uking_color2_C": 400,
        "uking_color2_D": 400,
        "uking_enable_calc_color3": 1,
        "uking_color3_calc_type": 1,
        "uking_color3_clamp01": 1,
        "uking_color3_A": 201,
        "uking_color3_B": 107,
        "uking_color3_B_channel": 10,
        "uking_color3_C": 400,
        "uking_color3_C_channel": 10,
        "uking_color3_D": 400,
        "uking_color3_D_channel": 10,
        "uking_enable_calc_color4": 1,
        "uking_color4_calc_type": 5,
        "uking_color4_clamp01": 1,
        "uking_color4_A": 203,
        "uking_color4_B": 502,
        "uking_color4_C": 100,
        "uking_color4_D": 400,
        "uking_color5_calc_type": 1,
        "uking_color5_clamp01": 1,
        "uking_color5_before_normal": 1,
        "uking_color5_A": 200,
        "uking_color5_B": 203,
        "uking_vtx_position_modify_vector": 100,
        "gsys_gbuffer_xlu": 1,
        "uking_texcoord_toon_spec_srt": 3,
        "uking_enable_proctexcoord0": 1,
        "uking_enable_proctexcoord1": 1,
        "uking_proctexcoord1_mapping": 1,
        "uking_normal_color": 2,
        "uking_material_behave": 1,
        "uking_metal_color": 3,
        "uking_albedo_color": 204,
        "uking_specmask_scaler": 400,
        "uking_specular_channel": 10,
        "uking_enable_emission": 1,
        "uking_emission_color": 8,
        "uking_enable_transmission": 1,
        "uking_transmission_color": 402,
        "uking_transparency_color": 202
      }
    }
  },
  "shaderassign": {
    "options": {
      "uking_texture_array_texture0": -1,
      "uking_texture1_texcoord": 3,
      "uking_texture1_post": 1,
      "uking_texture_array_texture1": -1,
      "uking_texture_array_texture2": -1,
      "uking_texture_array_texture3": -1,
      "uking_texture_array_texture4": -1,
      "uking_texture_array_texture5": -1,
      "gsys_enable_color_buffer": 1,
      "uking_texture_scene_color_post": 1,
      "uking_texture_scene_color0_texcoord": 4,
      "uking_enable_calc_color0": 1,
      "uking_color0_calc_type": 7,
      "uking_color0_clamp01": 1,
      "uking_color0_before_normal": 1,
      "uking_color0_A": 503,
      "uking_color0_A_channel": 10,
      "uking_color0_B": 104,
      "uking_color0_B_channel": 10,
      "uking_color0_C": 400,
      "uking_color0_D": 400,
      "uking_enable_calc_color1": 1,
      "uking_color1_calc_type": 5,
      "uking_color1_clamp01": 1,
      "uking_color1_A": 504,
      "uking_color1_A_channel": 10,
      "uking_color1_B": 106,
      "uking_color1_B_channel": 10,
      "uking_color1_C": 105,
      "uking_color1_C_channel": 10,
      "uking_color1_D": 400,
      "uking_color1_D_channel": 10,
      "uking_enable_calc_color2": 1,
      "uking_color2_calc_type": 1,
      "uking_color2_clamp01": 1,
      "uking_color2_before_normal": 1,
      "uking_color2_A": 200,
      "uking_color2_B": 201,
      "uking_color2_C": 400,
      "uking_color2_D": 400,
      "uking_enable_calc_color3": 1,
      "uking_color3_calc_type": 1,
      "uking_color3_clamp01": 1,
      "uking_color3_A": 201,
      "uking_color3_B": 107,
      "uking_color3_B_channel": 10,
      "uking_color3_C": 400,
      "uking_color3_C_channel": 10,
      "uking_color3_D": 400,
      "uking_color3_D_channel": 10,
      "uking_enable_calc_color4": 1,
      "uking_color4_calc_type": 5,
      "uking_color4_clamp01": 1,
      "uking_color4_A": 203,
      "uking_color4_B": 502,
      "uking_color4_C": 100,
      "uking_color4_D": 400,
      "uking_color5_calc_type": 1,
      "uking_color5_clamp01": 1,
      "uking_color5_before_normal": 1,
      "uking_color5_A": 200,
      "uking_color5_B": 203,
      "uking_vtx_position_modify_vector": 100,
      "gsys_gbuffer_xlu": 1,
      "uking_texcoord_toon_spec_srt": 3,
      "uking_enable_proctexcoord0": 1,
      "uking_enable_proctexcoord1": 1,
      "uking_proctexcoord1_mapping": 1,
      "uking_normal_color": 2,
      "uking_material_behave": 1,
      "uking_metal_color": 3,
      "uking_albedo_color": 204,
      "uking_specmask_scaler": 400,
      "uking_specular_channel": 10,
      "uking_enable_emission": 1,
      "uking_emission_color": 8,
      "uking_enable_transmission": 1,
      "uking_transmission_color": 402,
      "uking_transparency_color": 202
    },
    "samplers": {
      "_n0": "_n0"
    },
    "attributes": {
      "_n0": "_n0",
      "_t0": "_t0",
      "_w0": "_w0",
      "_i0": "_i0",
      "_u0": "_u0"
    }
  },
  "HasDiffuseMap": false,
  "TextureMaps": {
    "UMii_Hylia_Glass_Nrm": {
      "WrapModeS": "Repeat",
      "WrapModeT": "Repeat",
      "SamplerName": "_n0",
      "textureUnit": 1,
      "Type": "Normal"
    }
  },
  "text": "Mt_Lens"
}