{
  "isTransparent": false,
  "renderinfo": {
    "gsys_cube_map": null,
    "gsys_dynamic_reflection": 1,
    "gsys_priority_hint": "npc",
    "uking_edit_sky_occlusion": null
  },
  "matparam": {
    "const_value0": {
      "ValueFloat": [20.0]
    },
    "const_color0": {
      "ValueFloat": [1.0, 0.2, 0.0006, 1.0]
    },
    "tex_srt3": {
      "ValueTexSrt": {
        "Scaling": [110.0, 110.0],
        "Rotation": -0.7853982
      }
    }
  },
  "MaterialU": {
    "ShaderAssign": {
      "AttribAssigns": {
        "_n0": "_n0",
        "_t0": "_t0",
        "_w0": "_w0",
        "_i0": "_i0",
        "_u0": "_u0",
        "_u1": "_u1"
      },
      "SamplerAssigns": {
        "_a0": "_a0",
        "_s0": "_s0",
        "_n0": "_n0",
        "_e0": "_e0",
        "_t0": "_em0"
      }
    },
    "UserData": null
  },
  "shaderassign": {
    "options": {
      "uking_texture3_texcoord": 2,
      "uking_texture4_texcoord": 1,
      "uking_enable_calc_color0": 1,
      "uking_color0_A": 1,
      "uking_color0_A_channel": 20,
      "uking_color0_B": null,
      "uking_enable_calc_color1": 1,
      "uking_color1_calc_type": 11,
      "uking_color1_A": 3,
      "uking_color1_A_channel": null,
      "uking_color1_B": 100,
      "uking_color1_C": 4,
      "uking_color1_D": 104,
      "uking_color2_calc_type": 2,
      "uking_color2_A": 201,
      "uking_color2_B": 4,
      "uking_vtx_position_modify_vector": 100,
      "uking_lumberjack_side_texcoord": null,
      "uking_enable_texcoord1": 1,
      "uking_texcoord1_mapping": 1,
      "uking_texcoord1_srt": null,
      "uking_enable_texcoord2": 1,
      "uking_texcoord2_mapping": 1,
      "uking_texcoord_toon_spec_srt": 3,
      "uking_normal_color": 2,
      "uking_material_attribute": null,
      "uking_metal_color": 200,
      "uking_specular_channel": 10,
      "uking_enable_emission": 1,
      "uking_emission_color": 201,
      "uking_enable_ao": null,
      "uking_ao_color": null
    },
    "samplers": {
      "_a0": "_a0",
      "_s0": "_s0",
      "_n0": "_n0",
      "_e0": "_e0",
      "_t0": "_em0"
    },
    "attributes": {
      "_n0": "_n0",
      "_t0": "_t0",
      "_w0": "_w0",
      "_i0": "_i0",
      "_u0": "_u0",
      "_u1": "_u1"
    }
  },
  "HasSpecularMap": true,
  "HasEmissionMap": true,
  "TextureMaps": {
    "Armor_183_Head_Alb.0": {
      "SamplerName": "_a0",
      "textureUnit": 1,
      "Type": "Diffuse"
    },
    "Armor_183_Head_Emm": {
      "SamplerName": "_e0",
      "textureUnit": 2,
      "Type": "Emission"
    },
    "Armor_183_Head_Nrm": {
      "SamplerName": "_n0",
      "textureUnit": 3,
      "Type": "Normal"
    },
    "Armor_183_Head_Spm": {
      "SamplerName": "_s0",
      "textureUnit": 4,
      "Type": "Specular"
    },
    "Armor_183_Head_EmmMsk": {
      "SamplerName": "_em0",
      "textureUnit": 5,
      "Type": "Emission"
    }
  },
  "text": "Mt_Head_183",
  "index": 1
}