{
  "isTransparent": false,
  "renderinfo": {
    "gsys_cube_map": null,
    "gsys_dynamic_reflection": 1,
    "gsys_priority_hint": "npc",
    "uking_edit_sky_occlusion": null
  },
  "matparam": {
    "const_value0": {
      "ValueFloat": [20.0]
    },
    "const_color0": {
      "ValueFloat": [0.4, 0.5, 0.5, 1.0]
    },
    "uk_damage_color": {
      "ValueFloat": [1.0, 0.0, 0.0, 0.0]
    },
    "tex_srt3": {
      "ValueTexSrt": {
        "Scaling": [100.0, 100.0]
      }
    }
  },
  "MaterialU": {
    "ShaderAssign": {
      "AttribAssigns": {
        "_n0": "_n0",
        "_t0": "_t0",
        "_i0": "_i0",
        "_u0": "_u0",
        "_u1": "_u1"
      },
      "SamplerAssigns": {
        "_a0": "_a0",
        "_s0": "_s0",
        "_n0": "_n0",
        "_e0": "_e0"
      }
    },
    "Samplers": {
      "_a0": {
        "TexSampler": {
          "Values": [33690240, 4228710400, 2147483648]
        }
      }
    },
    "UserData": null
  },
  "shaderassign": {
    "options": {
      "uking_texture1_texcoord": 1,
      "uking_texture2_texcoord": 1,
      "uking_enable_calc_color0": 1,
      "uking_color0_calc_type": 9,
      "uking_color0_A": 3,
      "uking_color0_B": 100,
      "uking_color0_C": 104,
      "uking_color1_A": null,
      "uking_color1_A_channel": null,
      "uking_color1_B": null,
      "uking_vtx_position_modify_vector": 100,
      "uking_lumberjack_side_texcoord": null,
      "uking_enable_texcoord1": 1,
      "uking_texcoord1_mapping": 1,
      "uking_texcoord_toon_spec_mapping": 1,
      "uking_texcoord_toon_spec_srt": 3,
      "uking_normal_color": 2,
      "uking_material_attribute": null,
      "uking_metal_color": 3,
      "uking_specular_channel": 10,
      "uking_enable_emission": 1,
      "uking_emission_color": 200,
      "uking_enable_ao": null,
      "uking_ao_color": null
    },
    "samplers": {
      "_a0": "_a0",
      "_s0": "_s0",
      "_n0": "_n0",
      "_e0": "_e0"
    },
    "attributes": {
      "_n0": "_n0",
      "_t0": "_t0",
      "_i0": "_i0",
      "_u0": "_u0",
      "_u1": "_u1"
    }
  },
  "HasSpecularMap": true,
  "HasEmissionMap": true,
  "TextureMaps": {
    "Armor_225_Head_Alb": {
      "wiiUSampler": {
        "Values": [33690240, 4228710400, 2147483648]
      },
      "BiasLod": -1.0,
      "SamplerName": "_a0",
      "textureUnit": 1,
      "Type": "Diffuse"
    },
    "Armor_225_Head_Emm": {
      "SamplerName": "_e0",
      "textureUnit": 2,
      "Type": "Emission"
    },
    "Armor_225_Head_Nrm": {
      "SamplerName": "_n0",
      "textureUnit": 3,
      "Type": "Normal"
    },
    "Armor_225_Head_Spm": {
      "SamplerName": "_s0",
      "textureUnit": 4,
      "Type": "Specular"
    }
  },
  "text": "Mt_Eyeemm"
}