{
  "isTransparent": false,
  "renderinfo": {
    "gsys_dynamic_reflection": 1,
    "gsys_priority_hint": "player"
  },
  "matparam": {
    "texture_array_index0": {
      "ValueFloat": [
        0.0
      ]
    },
    "texture_array_index1": {
      "ValueFloat": [
        0.0
      ]
    },
    "texture_array_index2": {
      "ValueFloat": [
        0.0
      ]
    },
    "texture_array_index3": {
      "ValueFloat": [
        0.0
      ]
    },
    "texture_array_index4": {
      "ValueFloat": [
        0.0
      ]
    },
    "texture_array_index5": {
      "ValueFloat": [
        0.0
      ]
    },
    "gsys_alpha_test_ref_value": {
      "DependedIndex": 31,
      "DependIndex": 31,
      "Type": "Float",
      "HasPadding": false,
      "ValueFloat": [
        0.0
      ],
      "ValueSrt2D": {
        "Scaling": [
          0.0,
          0.0
        ],
        "Translation": [
          0.0,
          0.0
        ]
      },
      "ValueSrt3D": {
        "Scaling": [
          0.0,
          0.0,
          0.0
        ],
        "Rotation": [
          0.0,
          0.0,
          0.0
        ],
        "Translation": [
          0.0,
          0.0,
          0.0
        ]
      },
      "ValueTexSrt": {
        "Mode": "ModeMaya",
        "Scaling": [
          0.0,
          0.0
        ],
        "Translation": [
          0.0,
          0.0
        ]
      },
      "ValueTexSrtEx": {
        "Mode": "ModeMaya",
        "Scaling": [
          0.0,
          0.0
        ],
        "Translation": [
          0.0,
          0.0
        ]
      }
    },
    "const_value0": {
      "ValueFloat": [
        0.0
      ]
    },
    "const_value1": {
      "ValueFloat": [
        0.0
      ]
    },
    "const_value2": {
      "ValueFloat": [
        -0.01
      ]
    },
    "gsys_bake_light_scale": {
      "DependedIndex": 44,
      "DependIndex": 44,
      "Type": "Float3",
      "HasPadding": false,
      "ValueFloat": [
        1.0,
        1.0,
        1.0
      ],
      "ValueSrt2D": {
        "Scaling": [
          0.0,
          0.0
        ],
        "Translation": [
          0.0,
          0.0
        ]
      },
      "ValueSrt3D": {
        "Scaling": [
          0.0,
          0.0,
          0.0
        ],
        "Rotation": [
          0.0,
          0.0,
          0.0
        ],
        "Translation": [
          0.0,
          0.0,
          0.0
        ]
      },
      "ValueTexSrt": {
        "Mode": "ModeMaya",
        "Scaling": [
          0.0,
          0.0
        ],
        "Translation": [
          0.0,
          0.0
        ]
      },
      "ValueTexSrtEx": {
        "Mode": "ModeMaya",
        "Scaling": [
          0.0,
          0.0
        ],
        "Translation": [
          0.0,
          0.0
        ]
      }
    },
    "gsys_bake_st0": {
      "DependedIndex": 45,
      "DependIndex": 45,
      "Type": "Float4",
      "HasPadding": false,
      "ValueFloat": [
        0.0,
        0.0,
        0.0,
        0.0
      ],
      "ValueSrt2D": {
        "Scaling": [
          0.0,
          0.0
        ],
        "Translation": [
          0.0,
          0.0
        ]
      },
      "ValueSrt3D": {
        "Scaling": [
          0.0,
          0.0,
          0.0
        ],
        "Rotation": [
          0.0,
          0.0,
          0.0
        ],
        "Translation": [
          0.0,
          0.0,
          0.0
        ]
      },
      "ValueTexSrt": {
        "Mode": "ModeMaya",
        "Scaling": [
          0.0,
          0.0
        ],
        "Translation": [
          0.0,
          0.0
        ]
      },
      "ValueTexSrtEx": {
        "Mode": "ModeMaya",
        "Scaling": [
          0.0,
          0.0
        ],
        "Translation": [
          0.0,
          0.0
        ]
      }
    },
    "const_color1": {
      "ValueFloat": [
        0.16,
        0.01,
        0.01,
        1.0
      ]
    },
    "gsys_bake_st1": {
      "DependedIndex": 48,
      "DependIndex": 48,
      "Type": "Float4",
      "HasPadding": false,
      "ValueFloat": [
        0.0,
        0.0,
        0.0,
        0.0
      ],
      "ValueSrt2D": {
        "Scaling": [
          0.0,
          0.0
        ],
        "Translation": [
          0.0,
          0.0
        ]
      },
      "ValueSrt3D": {
        "Scaling": [
          0.0,
          0.0,
          0.0
        ],
        "Rotation": [
          0.0,
          0.0,
          0.0
        ],
        "Translation": [
          0.0,
          0.0,
          0.0
        ]
      },
      "ValueTexSrt": {
        "Mode": "ModeMaya",
        "Scaling": [
          0.0,
          0.0
        ],
        "Translation": [
          0.0,
          0.0
        ]
      },
      "ValueTexSrtEx": {
        "Mode": "ModeMaya",
        "Scaling": [
          0.0,
          0.0
        ],
        "Translation": [
          0.0,
          0.0
        ]
      }
    },
    "tex_srt3": {
      "ValueTexSrt": {
        "Scaling": [
          170.0,
          170.0
        ],
        "Rotation": -0.87266463
      }
    }
  },
  "MaterialU": {
    "RenderInfos": {
      "gsys_dynamic_reflection": 1,
      "gsys_priority_hint": "player"
    },
    "ShaderAssign": {
      "AttribAssigns": {
        "_n0": "_n0",
        "_t0": "_t0",
        "_w0": "_w0",
        "_i0": "_i0",
        "_u0": "_u0"
      },
      "SamplerAssigns": {
        "_a0": "_a0",
        "_s0": "_s0",
        "_n0": "_n0",
        "_e0": "_gn0",
        "_t0": "_gn1",
        "_a1": "_ao0"
      },
      "ShaderOptions": {
        "uking_enable_calc_color0": 1,
        "uking_color0_calc_type": 4,
        "uking_color0_A": 402,
        "uking_color0_B": 4,
        "uking_color0_C": 105,
        "uking_enable_calc_color1": 1,
        "uking_color1_calc_type": 4,
        "uking_color1_A": 101,
        "uking_color1_C": 200,
        "uking_enable_calc_color2": 1,
        "uking_color2_calc_type": 4,
        "uking_color2_A": 402,
        "uking_color2_B": 3,
        "uking_color2_C": 104,
        "uking_enable_calc_color3": 1,
        "uking_color3_calc_type": 2,
        "uking_color3_A": 201,
        "uking_color3_B": 202,
        "uking_vtx_position_modify_calc_type": 2,
        "uking_vtx_position_modify_shadow_only": 1,
        "uking_vtx_position_modify_vector": 100,
        "uking_vtx_position_modify_A": 300,
        "uking_vtx_position_modify_A_channel": 1,
        "uking_vtx_position_modify_B": 106,
        "uking_texcoord1_mapping": 1,
        "uking_texcoord_toon_spec_srt": 3,
        "uking_normal_color": 2,
        "uking_material_behave": 101,
        "uking_metal_color": 3,
        "uking_albedo_color": 203,
        "uking_specular_channel": 10,
        "uking_ao_color": 5
      }
    },
    "Samplers": {
      "_a0": {
        "TexSampler": {
          "Values": [
            33690240,
            4228710400,
            2147483648
          ]
        }
      }
    }
  },
  "shaderassign": {
    "options": {
      "uking_texture_array_texture0": -1,
      "uking_texture_array_texture1": -1,
      "uking_texture_array_texture2": -1,
      "uking_texture_array_texture3": -1,
      "uking_texture_array_texture4": -1,
      "uking_texture_array_texture5": -1,
      "uking_enable_calc_color0": 1,
      "uking_color0_calc_type": 4,
      "uking_color0_A": 402,
      "uking_color0_B": 4,
      "uking_color0_C": 105,
      "uking_enable_calc_color1": 1,
      "uking_color1_calc_type": 4,
      "uking_color1_A": 101,
      "uking_color1_C": 200,
      "uking_enable_calc_color2": 1,
      "uking_color2_calc_type": 4,
      "uking_color2_A": 402,
      "uking_color2_B": 3,
      "uking_color2_C": 104,
      "uking_enable_calc_color3": 1,
      "uking_color3_calc_type": 2,
      "uking_color3_A": 201,
      "uking_color3_B": 202,
      "uking_vtx_position_modify_calc_type": 2,
      "uking_vtx_position_modify_shadow_only": 1,
      "uking_vtx_position_modify_vector": 100,
      "uking_vtx_position_modify_A": 300,
      "uking_vtx_position_modify_A_channel": 1,
      "uking_vtx_position_modify_B": 106,
      "uking_texcoord1_mapping": 1,
      "uking_texcoord_toon_spec_srt": 3,
      "uking_normal_color": 2,
      "uking_material_behave": 101,
      "uking_metal_color": 3,
      "uking_albedo_color": 203,
      "uking_specular_channel": 10,
      "uking_ao_color": 5
    },
    "samplers": {
      "_a0": "_a0",
      "_s0": "_s0",
      "_n0": "_n0",
      "_e0": "_gn0",
      "_t0": "_gn1",
      "_a1": "_ao0"
    },
    "attributes": {
      "_n0": "_n0",
      "_t0": "_t0",
      "_w0": "_w0",
      "_i0": "_i0",
      "_u0": "_u0"
    }
  },
  "HasSpecularMap": true,
  "HasAmbientOcclusionMap": true,
  "TextureMaps": {
    "Link_Skin_Alb": {
      "wiiUSampler": {
        "Values": [
          33690240,
          4228710400,
          2147483648
        ]
      },
      "BiasLod": -1.0,
      "WrapModeS": "Repeat",
      "WrapModeT": "Repeat",
      "SamplerName": "_a0",
      "textureUnit": 1,
      "Type": "Diffuse"
    },
    "Link_Skin_Nrm": {
      "WrapModeS": "Repeat",
      "WrapModeT": "Repeat",
      "SamplerName": "_n0",
      "textureUnit": 2,
      "Type": "Normal"
    },
    "Link_Skin_Spm": {
      "WrapModeS": "Repeat",
      "WrapModeT": "Repeat",
      "SamplerName": "_s0",
      "textureUnit": 3,
      "Type": "Specular"
    },
    "Link_Skin_AO": {
      "WrapModeS": "Repeat",
      "WrapModeT": "Repeat",
      "SamplerName": "_ao0",
      "textureUnit": 4,
      "Type": "AO"
    },
    "Link_Skin_Damage_Alb": {
      "WrapModeS": "Repeat",
      "WrapModeT": "Repeat",
      "SamplerName": "_gn0",
      "textureUnit": 5,
      "Type": "Unknown"
    },
    "Link_Skin_Red_Alb": {
      "WrapModeS": "Repeat",
      "WrapModeT": "Repeat",
      "SamplerName": "_gn1",
      "textureUnit": 6,
      "Type": "Unknown"
    }
  },
  "text": "Mt_Lower_Skin",
  "index": 1
}