{
  "isTransparent": false,
  "renderinfo": {
    "gsys_cube_map": null,
    "gsys_dynamic_reflection": 1,
    "gsys_priority_hint": "player",
    "uking_edit_sky_occlusion": null
  },
  "matparam": {
    "const_color1": {
      "ValueFloat": [0.16, 0.01, 0.01, 1.0]
    },
    "tex_srt3": {
      "ValueTexSrt": {
        "Scaling": [170.0, 170.0],
        "Rotation": -0.87266463
      }
    }
  },
  "MaterialU": {
    "ShaderAssign": {
      "AttribAssigns": {
        "_n0": "_n0",
        "_t0": "_t0",
        "_w0": "_w0",
        "_i0": "_i0",
        "_u0": "_u0"
      },
      "SamplerAssigns": {
        "_a0": "_a0",
        "_s0": "_s0",
        "_n0": "_n0",
        "_e0": "_gn0",
        "_t0": "_gn1",
        "_a1": "_ao0"
      }
    },
    "Samplers": {
      "_a0": {
        "TexSampler": {
          "Values": [33690240, 4228710400, 2147483648]
        }
      }
    },
    "UserData": null
  },
  "shaderassign": {
    "options": {
      "uking_enable_calc_color0": 1,
      "uking_color0_calc_type": 4,
      "uking_color0_A": 402,
      "uking_color0_B": 4,
      "uking_color0_C": 105,
      "uking_enable_calc_color1": 1,
      "uking_color1_calc_type": 4,
      "uking_color1_A": 101,
      "uking_color1_A_channel": null,
      "uking_color1_B": null,
      "uking_color1_C": 200,
      "uking_enable_calc_color2": 1,
      "uking_color2_calc_type": 4,
      "uking_color2_A": 402,
      "uking_color2_B": 3,
      "uking_color2_C": 104,
      "uking_enable_calc_color3": 1,
      "uking_color3_calc_type": 2,
      "uking_color3_A": 201,
      "uking_color3_B": 202,
      "uking_vtx_position_modify_calc_type": 2,
      "uking_vtx_position_modify_shadow_only": 1,
      "uking_vtx_position_modify_vector": 100,
      "uking_vtx_position_modify_A": 300,
      "uking_vtx_position_modify_A_channel": 1,
      "uking_vtx_position_modify_B": 106,
      "uking_lumberjack_side_texcoord": null,
      "uking_texcoord1_mapping": 1,
      "uking_texcoord_toon_spec_srt": 3,
      "uking_normal_color": 2,
      "uking_material_attribute": null,
      "uking_material_behave": 101,
      "uking_metal_color": 3,
      "uking_albedo_color": 203,
      "uking_specular_channel": 10,
      "uking_ao_color": 5
    },
    "samplers": {
      "_a0": "_a0",
      "_s0": "_s0",
      "_n0": "_n0",
      "_e0": "_gn0",
      "_t0": "_gn1",
      "_a1": "_ao0"
    },
    "attributes": {
      "_n0": "_n0",
      "_t0": "_t0",
      "_w0": "_w0",
      "_i0": "_i0",
      "_u0": "_u0"
    }
  },
  "HasSpecularMap": true,
  "HasAmbientOcclusionMap": true,
  "TextureMaps": {
    "Link_Skin_Alb": {
      "wiiUSampler": {
        "Values": [33690240, 4228710400, 2147483648]
      },
      "BiasLod": -1.0,
      "SamplerName": "_a0",
      "textureUnit": 1,
      "Type": "Diffuse"
    },
    "Link_Skin_Nrm": {
      "SamplerName": "_n0",
      "textureUnit": 2,
      "Type": "Normal"
    },
    "Link_Skin_Spm": {
      "SamplerName": "_s0",
      "textureUnit": 3,
      "Type": "Specular"
    },
    "Link_Skin_AO": {
      "SamplerName": "_ao0",
      "textureUnit": 4,
      "Type": "AO"
    },
    "Link_Skin_Damage_Alb": {
      "SamplerName": "_gn0",
      "textureUnit": 5,
      "Type": "Unknown"
    },
    "Link_Skin_Red_Alb": {
      "SamplerName": "_gn1",
      "textureUnit": 6,
      "Type": "Unknown"
    }
  },
  "text": "Mt_Upper_Skin",
  "index": 5
}