{
  "isTransparent": false,
  "renderinfo": {
    "gsys_priority_hint": "npc"
  },
  "matparam": {
    "texture_array_index0": {
      "ValueFloat": [
        0.0
      ]
    },
    "texture_array_index1": {
      "ValueFloat": [
        0.0
      ]
    },
    "texture_array_index2": {
      "ValueFloat": [
        0.0
      ]
    },
    "texture_array_index3": {
      "ValueFloat": [
        0.0
      ]
    },
    "texture_array_index4": {
      "ValueFloat": [
        0.0
      ]
    },
    "texture_array_index5": {
      "ValueFloat": [
        0.0
      ]
    },
    "gsys_alpha_test_ref_value": {
      "DependedIndex": 31,
      "DependIndex": 31,
      "Type": "Float",
      "HasPadding": false,
      "ValueFloat": [
        0.0
      ],
      "ValueSrt2D": {
        "Scaling": [
          0.0,
          0.0
        ],
        "Translation": [
          0.0,
          0.0
        ]
      },
      "ValueSrt3D": {
        "Scaling": [
          0.0,
          0.0,
          0.0
        ],
        "Rotation": [
          0.0,
          0.0,
          0.0
        ],
        "Translation": [
          0.0,
          0.0,
          0.0
        ]
      },
      "ValueTexSrt": {
        "Mode": "ModeMaya",
        "Scaling": [
          0.0,
          0.0
        ],
        "Translation": [
          0.0,
          0.0
        ]
      },
      "ValueTexSrtEx": {
        "Mode": "ModeMaya",
        "Scaling": [
          0.0,
          0.0
        ],
        "Translation": [
          0.0,
          0.0
        ]
      }
    },
    "const_value4": {
      "ValueFloat": [
        0.0
      ]
    },
    "gsys_bake_light_scale": {
      "DependedIndex": 44,
      "DependIndex": 44,
      "Type": "Float3",
      "HasPadding": false,
      "ValueFloat": [
        1.0,
        1.0,
        1.0
      ],
      "ValueSrt2D": {
        "Scaling": [
          0.0,
          0.0
        ],
        "Translation": [
          0.0,
          0.0
        ]
      },
      "ValueSrt3D": {
        "Scaling": [
          0.0,
          0.0,
          0.0
        ],
        "Rotation": [
          0.0,
          0.0,
          0.0
        ],
        "Translation": [
          0.0,
          0.0,
          0.0
        ]
      },
      "ValueTexSrt": {
        "Mode": "ModeMaya",
        "Scaling": [
          0.0,
          0.0
        ],
        "Translation": [
          0.0,
          0.0
        ]
      },
      "ValueTexSrtEx": {
        "Mode": "ModeMaya",
        "Scaling": [
          0.0,
          0.0
        ],
        "Translation": [
          0.0,
          0.0
        ]
      }
    },
    "gsys_bake_st0": {
      "DependedIndex": 45,
      "DependIndex": 45,
      "Type": "Float4",
      "HasPadding": false,
      "ValueFloat": [
        0.0,
        0.0,
        0.0,
        0.0
      ],
      "ValueSrt2D": {
        "Scaling": [
          0.0,
          0.0
        ],
        "Translation": [
          0.0,
          0.0
        ]
      },
      "ValueSrt3D": {
        "Scaling": [
          0.0,
          0.0,
          0.0
        ],
        "Rotation": [
          0.0,
          0.0,
          0.0
        ],
        "Translation": [
          0.0,
          0.0,
          0.0
        ]
      },
      "ValueTexSrt": {
        "Mode": "ModeMaya",
        "Scaling": [
          0.0,
          0.0
        ],
        "Translation": [
          0.0,
          0.0
        ]
      },
      "ValueTexSrtEx": {
        "Mode": "ModeMaya",
        "Scaling": [
          0.0,
          0.0
        ],
        "Translation": [
          0.0,
          0.0
        ]
      }
    },
    "gsys_bake_st1": {
      "DependedIndex": 48,
      "DependIndex": 48,
      "Type": "Float4",
      "HasPadding": false,
      "ValueFloat": [
        0.0,
        0.0,
        0.0,
        0.0
      ],
      "ValueSrt2D": {
        "Scaling": [
          0.0,
          0.0
        ],
        "Translation": [
          0.0,
          0.0
        ]
      },
      "ValueSrt3D": {
        "Scaling": [
          0.0,
          0.0,
          0.0
        ],
        "Rotation": [
          0.0,
          0.0,
          0.0
        ],
        "Translation": [
          0.0,
          0.0,
          0.0
        ]
      },
      "ValueTexSrt": {
        "Mode": "ModeMaya",
        "Scaling": [
          0.0,
          0.0
        ],
        "Translation": [
          0.0,
          0.0
        ]
      },
      "ValueTexSrtEx": {
        "Mode": "ModeMaya",
        "Scaling": [
          0.0,
          0.0
        ],
        "Translation": [
          0.0,
          0.0
        ]
      }
    },
    "const_color4": {
      "ValueFloat": [
        1.4,
        1.0,
        0.0,
        0.0
      ]
    },
    "const_color5": {
      "ValueFloat": [
        2.8,
        5.0,
        1.0,
        0.0
      ]
    },
    "tex_srt3": {
      "ValueTexSrt": {
        "Mode": "Mode3dsMax",
        "Scaling": [
          3.5,
          3.5
        ],
        "Translation": [
          -0.03,
          0.06
        ]
      }
    },
    "tex_srt4": {
      "ValueTexSrt": {
        "Mode": "Mode3dsMax"
      }
    }
  },
  "MaterialU": {
    "RenderInfos": {
      "gsys_priority_hint": "npc"
    },
    "ShaderAssign": {
      "AttribAssigns": {
        "_n0": "_n0",
        "_t0": "_t0",
        "_i0": "_i0",
        "_u0": "_u0"
      },
      "SamplerAssigns": {
        "_a0": "_a0",
        "_s0": "_s0",
        "_n0": "_n0",
        "_e0": "_sd0"
      },
      "ShaderOptions": {
        "uking_texture0_texcoord": 7,
        "uking_texture3_texcoord": 1,
        "uking_texture4_texcoord": 6,
        "uking_enable_proctexture4": 1,
        "uking_proctexture4_type": 100,
        "uking_proctexture4_param_A": 104,
        "uking_proctexture4_param_B": 105,
        "uking_texture5_texcoord": 6,
        "uking_enable_proctexture5": 1,
        "uking_proctexture5_type": 100,
        "uking_proctexture5_param_A": 106,
        "uking_proctexture5_param_B": 107,
        "uking_enable_calc_color0": 1,
        "uking_color0_calc_type": 2,
        "uking_color0_B": 3,
        "uking_enable_calc_color1": 1,
        "uking_color1_calc_type": 6,
        "uking_color1_A": 4,
        "uking_color1_B": 108,
        "uking_color1_C": 5,
        "uking_color1_D": 108,
        "uking_vtx_position_modify_vector": 100,
        "uking_enable_texcoord1": 1,
        "uking_texcoord1_srt": 1,
        "uking_enable_texcoord3": 1,
        "uking_texcoord3_mapping": 20,
        "uking_texcoord3_srt": 3,
        "uking_enable_texcoord4": 1,
        "uking_texcoord4_mapping": 20,
        "uking_texcoord4_srt": 4,
        "uking_texcoord_toon_spec_mapping": 20,
        "uking_texcoord_toon_spec_srt": 3,
        "uking_normal_color": 2,
        "uking_material_behave": 104,
        "uking_metal_color": 201,
        "uking_albedo_color": 200,
        "uking_specular_channel": 10
      }
    },
    "Samplers": {
      "_a0": {
        "TexSampler": {
          "Values": [
            33690240,
            4228710400,
            2147483648
          ]
        }
      }
    }
  },
  "shaderassign": {
    "options": {
      "uking_texture0_texcoord": 7,
      "uking_texture_array_texture0": -1,
      "uking_texture_array_texture1": -1,
      "uking_texture_array_texture2": -1,
      "uking_texture3_texcoord": 1,
      "uking_texture_array_texture3": -1,
      "uking_texture4_texcoord": 6,
      "uking_enable_proctexture4": 1,
      "uking_proctexture4_type": 100,
      "uking_proctexture4_param_A": 104,
      "uking_proctexture4_param_B": 105,
      "uking_texture_array_texture4": -1,
      "uking_texture5_texcoord": 6,
      "uking_enable_proctexture5": 1,
      "uking_proctexture5_type": 100,
      "uking_proctexture5_param_A": 106,
      "uking_proctexture5_param_B": 107,
      "uking_texture_array_texture5": -1,
      "uking_enable_calc_color0": 1,
      "uking_color0_calc_type": 2,
      "uking_color0_B": 3,
      "uking_enable_calc_color1": 1,
      "uking_color1_calc_type": 6,
      "uking_color1_A": 4,
      "uking_color1_B": 108,
      "uking_color1_C": 5,
      "uking_color1_D": 108,
      "uking_vtx_position_modify_vector": 100,
      "uking_enable_texcoord1": 1,
      "uking_texcoord1_srt": 1,
      "uking_enable_texcoord3": 1,
      "uking_texcoord3_mapping": 20,
      "uking_texcoord3_srt": 3,
      "uking_enable_texcoord4": 1,
      "uking_texcoord4_mapping": 20,
      "uking_texcoord4_srt": 4,
      "uking_texcoord_toon_spec_mapping": 20,
      "uking_texcoord_toon_spec_srt": 3,
      "uking_normal_color": 2,
      "uking_material_behave": 104,
      "uking_metal_color": 201,
      "uking_albedo_color": 200,
      "uking_specular_channel": 10
    },
    "samplers": {
      "_a0": "_a0",
      "_s0": "_s0",
      "_n0": "_n0",
      "_e0": "_sd0"
    },
    "attributes": {
      "_n0": "_n0",
      "_t0": "_t0",
      "_i0": "_i0",
      "_u0": "_u0"
    }
  },
  "HasSpecularMap": true,
  "TextureMaps": {
    "Armor_177_Eyeball_L_Alb": {
      "wiiUSampler": {
        "Values": [
          33690240,
          4228710400,
          2147483648
        ]
      },
      "BiasLod": -1.0,
      "WrapModeS": "Repeat",
      "WrapModeT": "Repeat",
      "SamplerName": "_a0",
      "textureUnit": 1,
      "Type": "Diffuse"
    },
    "Armor_177_Eyeball_R_Nrm": {
      "WrapModeS": "Repeat",
      "WrapModeT": "Repeat",
      "SamplerName": "_n0",
      "textureUnit": 2,
      "Type": "Normal"
    },
    "Armor_177_Eyeball_L_Spm": {
      "WrapModeS": "Repeat",
      "WrapModeT": "Repeat",
      "SamplerName": "_sd0",
      "textureUnit": 4,
      "Type": "Specular"
    }
  },
  "text": "Mt_Eyeball_R",
  "index": 1
}