{
  "isTransparent": false,
  "renderinfo": {
    "gsys_dynamic_reflection": 1,
    "gsys_priority_hint": "npc"
  },
  "matparam": {
    "const_value0": {
      "ValueFloat": [16.0]
    },
    "const_color0": {
      "ValueFloat": [1.0, 0.07, 0.6, 1.0]
    }
  },
  "MaterialU": {
    "RenderInfos": {
      "gsys_dynamic_reflection": 1,
      "gsys_priority_hint": "npc"
    },
    "ShaderAssign": {
      "AttribAssigns": {
        "_n0": "_n0",
        "_t0": "_t0",
        "_w0": "_w0",
        "_i0": "_i0",
        "_u0": "_u0",
        "_u1": "_u1"
      },
      "SamplerAssigns": {
        "_a0": "_a0",
        "_s0": "_s0",
        "_n0": "_n0",
        "_e0": "_e0"
      },
      "ShaderOptions": {
        "uking_texture3_texcoord": 1,
        "uking_enable_calc_color0": 1,
        "uking_color0_A": 1,
        "uking_color0_A_channel": 20,
        "uking_enable_calc_color1": 1,
        "uking_color1_calc_type": 9,
        "uking_color1_A": 3,
        "uking_color1_B": 100,
        "uking_color1_C": 104,
        "uking_vtx_position_modify_vector": 100,
        "uking_enable_texcoord1": 1,
        "uking_texcoord1_mapping": 1,
        "uking_texcoord_toon_spec_mapping": 1,
        "uking_texcoord_toon_spec_srt": 3,
        "uking_normal_color": 2,
        "uking_material_behave": 2,
        "uking_metal_color": 200,
        "uking_specular_channel": 10,
        "uking_enable_emission": 1,
        "uking_emission_color": 201
      }
    },
    "Samplers": {
      "_a0": {
        "TexSampler": {
          "Values": [33690240, 4228710400, 2147483648]
        }
      }
    }
  },
  "shaderassign": {
    "options": {
      "uking_texture3_texcoord": 1,
      "uking_enable_calc_color0": 1,
      "uking_color0_A": 1,
      "uking_color0_A_channel": 20,
      "uking_enable_calc_color1": 1,
      "uking_color1_calc_type": 9,
      "uking_color1_A": 3,
      "uking_color1_B": 100,
      "uking_color1_C": 104,
      "uking_vtx_position_modify_vector": 100,
      "uking_enable_texcoord1": 1,
      "uking_texcoord1_mapping": 1,
      "uking_texcoord_toon_spec_mapping": 1,
      "uking_texcoord_toon_spec_srt": 3,
      "uking_normal_color": 2,
      "uking_material_behave": 2,
      "uking_metal_color": 200,
      "uking_specular_channel": 10,
      "uking_enable_emission": 1,
      "uking_emission_color": 201
    },
    "samplers": {
      "_a0": "_a0",
      "_s0": "_s0",
      "_n0": "_n0",
      "_e0": "_e0"
    },
    "attributes": {
      "_n0": "_n0",
      "_t0": "_t0",
      "_w0": "_w0",
      "_i0": "_i0",
      "_u0": "_u0",
      "_u1": "_u1"
    }
  },
  "HasSpecularMap": true,
  "HasEmissionMap": true,
  "TextureMaps": {
    "Armor_171_Upper_Alb": {
      "wiiUSampler": {
        "Values": [33690240, 4228710400, 2147483648]
      },
      "BiasLod": -1.0,
      "WrapModeS": "Repeat",
      "WrapModeT": "Repeat",
      "SamplerName": "_a0",
      "textureUnit": 1,
      "Type": "Diffuse"
    },
    "Armor_171_Upper_Emm": {
      "WrapModeS": "Repeat",
      "WrapModeT": "Repeat",
      "SamplerName": "_e0",
      "textureUnit": 2,
      "Type": "Emission"
    },
    "Armor_171_Upper_Nrm": {
      "WrapModeS": "Repeat",
      "WrapModeT": "Repeat",
      "SamplerName": "_n0",
      "textureUnit": 3,
      "Type": "Normal"
    },
    "Armor_171_Upper_Spm": {
      "WrapModeS": "Repeat",
      "WrapModeT": "Repeat",
      "SamplerName": "_s0",
      "textureUnit": 4,
      "Type": "Specular"
    }
  },
  "text": "Mt_Upperemm_171",
  "index": 3
}