{
  "isTransparent": false,
  "renderinfo": {
    "uking_edit_sky_occlusion": 1
  },
  "matparam": {
    "const_value0": {
      "ValueFloat": [0.6]
    },
    "tex_srt3": {
      "ValueTexSrt": {
        "Scaling": [100.0, 100.0]
      }
    }
  },
  "MaterialU": {
    "RenderInfos": {
      "uking_edit_sky_occlusion": 1
    },
    "ShaderAssign": {
      "AttribAssigns": {
        "_n0": "_n0",
        "_t0": "_t0",
        "_u0": "_u0",
        "_c0": "_c0"
      },
      "SamplerAssigns": {
        "_a0": "_a0",
        "_s0": "_n0",
        "_n0": "_n0"
      },
      "ShaderOptions": {
        "uking_vtx_position_modify_vector": 100,
        "uking_material_behave": 1
      }
    }
  },
  "shaderassign": {
    "options": {
      "uking_texture_array_texture0": -1,
      "uking_texture_array_texture1": -1,
      "uking_texture_array_texture2": -1,
      "uking_texture_array_texture3": -1,
      "uking_texture_array_texture4": -1,
      "uking_texture_array_texture5": -1,
      "uking_vtx_position_modify_vector": 100,
      "uking_material_behave": 1
    },
    "samplers": {
      "_a0": "_a0",
      "_s0": "_n0",
      "_n0": "_n0"
    },
    "attributes": {
      "_n0": "_n0",
      "_t0": "_t0",
      "_u0": "_u0",
      "_c0": "_c0"
    }
  },
  "TextureMaps": {
    "Assassin_Boss_Ball_Spike_Body_Alb": {
      "WrapModeS": "Repeat",
      "WrapModeT": "Repeat",
      "SamplerName": "_a0",
      "textureUnit": 1,
      "Type": "Diffuse"
    },
    "Assassin_Boss_Ball_Spike_Body_Nrm": {
      "WrapModeS": "Repeat",
      "WrapModeT": "Repeat",
      "SamplerName": "_n0",
      "textureUnit": 2,
      "Type": "Normal"
    }
  }
}