{
  "isTransparent": false,
  "matparam": {
    "texture_array_index0": {
      "ValueFloat": [
        0.0
      ]
    },
    "texture_array_index1": {
      "ValueFloat": [
        0.0
      ]
    },
    "texture_array_index2": {
      "ValueFloat": [
        0.0
      ]
    },
    "texture_array_index3": {
      "ValueFloat": [
        0.0
      ]
    },
    "texture_array_index4": {
      "ValueFloat": [
        0.0
      ]
    },
    "texture_array_index5": {
      "ValueFloat": [
        0.0
      ]
    },
    "gsys_alpha_test_ref_value": {
      "DependedIndex": 31,
      "DependIndex": 31,
      "Type": "Float",
      "HasPadding": false,
      "ValueFloat": [
        0.0
      ],
      "ValueSrt2D": {
        "Scaling": [
          0.0,
          0.0
        ],
        "Translation": [
          0.0,
          0.0
        ]
      },
      "ValueSrt3D": {
        "Scaling": [
          0.0,
          0.0,
          0.0
        ],
        "Rotation": [
          0.0,
          0.0,
          0.0
        ],
        "Translation": [
          0.0,
          0.0,
          0.0
        ]
      },
      "ValueTexSrt": {
        "Mode": "ModeMaya",
        "Scaling": [
          0.0,
          0.0
        ],
        "Translation": [
          0.0,
          0.0
        ]
      },
      "ValueTexSrtEx": {
        "Mode": "ModeMaya",
        "Scaling": [
          0.0,
          0.0
        ],
        "Translation": [
          0.0,
          0.0
        ]
      }
    },
    "const_value0": {
      "ValueFloat": [
        20.0
      ]
    },
    "gsys_bake_light_scale": {
      "DependedIndex": 44,
      "DependIndex": 44,
      "Type": "Float3",
      "HasPadding": false,
      "ValueFloat": [
        1.0,
        1.0,
        1.0
      ],
      "ValueSrt2D": {
        "Scaling": [
          0.0,
          0.0
        ],
        "Translation": [
          0.0,
          0.0
        ]
      },
      "ValueSrt3D": {
        "Scaling": [
          0.0,
          0.0,
          0.0
        ],
        "Rotation": [
          0.0,
          0.0,
          0.0
        ],
        "Translation": [
          0.0,
          0.0,
          0.0
        ]
      },
      "ValueTexSrt": {
        "Mode": "ModeMaya",
        "Scaling": [
          0.0,
          0.0
        ],
        "Translation": [
          0.0,
          0.0
        ]
      },
      "ValueTexSrtEx": {
        "Mode": "ModeMaya",
        "Scaling": [
          0.0,
          0.0
        ],
        "Translation": [
          0.0,
          0.0
        ]
      }
    },
    "gsys_bake_st0": {
      "DependedIndex": 45,
      "DependIndex": 45,
      "Type": "Float4",
      "HasPadding": false,
      "ValueFloat": [
        0.0,
        0.0,
        0.0,
        0.0
      ],
      "ValueSrt2D": {
        "Scaling": [
          0.0,
          0.0
        ],
        "Translation": [
          0.0,
          0.0
        ]
      },
      "ValueSrt3D": {
        "Scaling": [
          0.0,
          0.0,
          0.0
        ],
        "Rotation": [
          0.0,
          0.0,
          0.0
        ],
        "Translation": [
          0.0,
          0.0,
          0.0
        ]
      },
      "ValueTexSrt": {
        "Mode": "ModeMaya",
        "Scaling": [
          0.0,
          0.0
        ],
        "Translation": [
          0.0,
          0.0
        ]
      },
      "ValueTexSrtEx": {
        "Mode": "ModeMaya",
        "Scaling": [
          0.0,
          0.0
        ],
        "Translation": [
          0.0,
          0.0
        ]
      }
    },
    "const_color0": {
      "ValueFloat": [
        0.7,
        0.14,
        0.0,
        1.0
      ]
    },
    "gsys_bake_st1": {
      "DependedIndex": 48,
      "DependIndex": 48,
      "Type": "Float4",
      "HasPadding": false,
      "ValueFloat": [
        0.0,
        0.0,
        0.0,
        0.0
      ],
      "ValueSrt2D": {
        "Scaling": [
          0.0,
          0.0
        ],
        "Translation": [
          0.0,
          0.0
        ]
      },
      "ValueSrt3D": {
        "Scaling": [
          0.0,
          0.0,
          0.0
        ],
        "Rotation": [
          0.0,
          0.0,
          0.0
        ],
        "Translation": [
          0.0,
          0.0,
          0.0
        ]
      },
      "ValueTexSrt": {
        "Mode": "ModeMaya",
        "Scaling": [
          0.0,
          0.0
        ],
        "Translation": [
          0.0,
          0.0
        ]
      },
      "ValueTexSrtEx": {
        "Mode": "ModeMaya",
        "Scaling": [
          0.0,
          0.0
        ],
        "Translation": [
          0.0,
          0.0
        ]
      }
    }
  },
  "MaterialU": {
    "ShaderAssign": {
      "AttribAssigns": {
        "_n0": "_n0",
        "_t0": "_t0",
        "_u0": "_u0",
        "_c0": "_c0"
      },
      "SamplerAssigns": {
        "_a0": "_a0",
        "_s0": "_n0",
        "_n0": "_mt0",
        "_e0": "_e0"
      },
      "ShaderOptions": {
        "uking_color1_A_channel": 40,
        "uking_color2_A": 1,
        "uking_color2_B": 300,
        "uking_enable_calc_color3": 1,
        "uking_color3_calc_type": 9,
        "uking_color3_A": 3,
        "uking_color3_A_channel": 10,
        "uking_color3_B": 100,
        "uking_color3_C": 104,
        "uking_color3_D": 104,
        "uking_vtx_position_modify_vector": 100,
        "uking_material_behave": 2,
        "uking_metal_color": 2,
        "uking_enable_emission": 1,
        "uking_emission_color": 203
      }
    }
  },
  "shaderassign": {
    "options": {
      "uking_texture_array_texture0": -1,
      "uking_texture_array_texture1": -1,
      "uking_texture_array_texture2": -1,
      "uking_texture_array_texture3": -1,
      "uking_texture_array_texture4": -1,
      "uking_texture_array_texture5": -1,
      "uking_color1_A_channel": 40,
      "uking_color2_A": 1,
      "uking_color2_B": 300,
      "uking_enable_calc_color3": 1,
      "uking_color3_calc_type": 9,
      "uking_color3_A": 3,
      "uking_color3_A_channel": 10,
      "uking_color3_B": 100,
      "uking_color3_C": 104,
      "uking_color3_D": 104,
      "uking_vtx_position_modify_vector": 100,
      "uking_material_behave": 2,
      "uking_metal_color": 2,
      "uking_enable_emission": 1,
      "uking_emission_color": 203
    },
    "samplers": {
      "_a0": "_a0",
      "_s0": "_n0",
      "_n0": "_mt0",
      "_e0": "_e0"
    },
    "attributes": {
      "_n0": "_n0",
      "_t0": "_t0",
      "_u0": "_u0",
      "_c0": "_c0"
    }
  },
  "HasNormalMap": false,
  "HasEmissionMap": true,
  "TextureMaps": {
    "Assassin_Boss_Ball_Spike_Eye_Alb": {
      "WrapModeS": "Repeat",
      "WrapModeT": "Repeat",
      "SamplerName": "_a0",
      "textureUnit": 1,
      "Type": "Diffuse"
    },
    "Assassin_Boss_Ball_Spike_Eye_Emm": {
      "WrapModeS": "Repeat",
      "WrapModeT": "Repeat",
      "SamplerName": "_e0",
      "textureUnit": 2,
      "Type": "Emission"
    },
    "Assassin_Boss_Ball_Spike_Eye_Nrm": {
      "WrapModeS": "Repeat",
      "WrapModeT": "Repeat",
      "SamplerName": "_n0",
      "textureUnit": 3,
      "Type": "Unknown"
    },
    "Assassin_Boss_Ball_Spike_Eye_Mtl": {
      "WrapModeS": "Repeat",
      "WrapModeT": "Repeat",
      "SamplerName": "_mt0",
      "textureUnit": 4,
      "Type": "Unknown"
    }
  },
  "text": "Mt_Eye",
  "index": 1
}