{
  "isTransparent": false,
  "matparam": {
    "gsys_bake_st0": {
      "ValueFloat": [0.012791, 0.021484, 0.870591, 0.00138]
    },
    "const_color0": {
      "ValueFloat": [1.0, 12.0, 30.0, 1.0]
    },
    "tex_srt3": {
      "ValueTexSrt": {
        "Scaling": [100.0, 100.0]
      }
    }
  },
  "MaterialU": {
    "ShaderAssign": {
      "AttribAssigns": {
        "_n0": "_n0",
        "_t0": "_t0",
        "_u0": "_u0",
        "_u1": "_u1",
        "_u2": "_u2",
        "_c0": "_c0"
      },
      "SamplerAssigns": {
        "_a0": "_a0",
        "_s0": "_n0",
        "_n0": "_e0",
        "_e0": "_e0",
        "_t0": "bake0"
      },
      "ShaderOptions": {
        "uking_texture3_texcoord": 2,
        "uking_texture4_texcoord": 1,
        "uking_enable_calc_color2": 1,
        "uking_color2_calc_type": 11,
        "uking_color2_A": 2,
        "uking_color2_A_channel": 10,
        "uking_color2_B": 100,
        "uking_color2_C": 104,
        "uking_color2_D": 3,
        "uking_color2_D_channel": 40,
        "uking_vtx_position_modify_vector": 100,
        "enable_bake_texture": 1,
        "uking_enable_texcoord1": 1,
        "uking_texcoord1_mapping": 1,
        "uking_enable_texcoord2": 1,
        "uking_enable_emission": 1,
        "uking_emission_color": 202
      }
    },
    "Samplers": {
      "bake0": {
        "TexSampler": {
          "Values": [33690258, 851968, 2147483648]
        }
      }
    }
  },
  "shaderassign": {
    "options": {
      "uking_texture_array_texture0": -1,
      "uking_texture_array_texture1": -1,
      "uking_texture_array_texture2": -1,
      "uking_texture3_texcoord": 2,
      "uking_texture_array_texture3": -1,
      "uking_texture4_texcoord": 1,
      "uking_texture_array_texture4": -1,
      "uking_texture_array_texture5": -1,
      "uking_enable_calc_color2": 1,
      "uking_color2_calc_type": 11,
      "uking_color2_A": 2,
      "uking_color2_A_channel": 10,
      "uking_color2_B": 100,
      "uking_color2_C": 104,
      "uking_color2_D": 3,
      "uking_color2_D_channel": 40,
      "uking_vtx_position_modify_vector": 100,
      "enable_bake_texture": 1,
      "uking_enable_texcoord1": 1,
      "uking_texcoord1_mapping": 1,
      "uking_enable_texcoord2": 1,
      "uking_enable_emission": 1,
      "uking_emission_color": 202
    },
    "samplers": {
      "_a0": "_a0",
      "_s0": "_n0",
      "_n0": "_e0",
      "_e0": "_e0",
      "_t0": "bake0"
    },
    "attributes": {
      "_n0": "_n0",
      "_t0": "_t0",
      "_u0": "_u0",
      "_u1": "_u1",
      "_u2": "_u2",
      "_c0": "_c0"
    }
  },
  "HasNormalMap": false,
  "HasEmissionMap": true,
  "HasShadowMap": true,
  "TextureMaps": {
    "CmnTex_Cdun_Star_A_Alb": {
      "WrapModeS": "Repeat",
      "WrapModeT": "Repeat",
      "SamplerName": "_a0",
      "textureUnit": 1,
      "Type": "Diffuse"
    },
    "CmnTex_Cdun_Star_A_Emm": {
      "WrapModeS": "Repeat",
      "WrapModeT": "Repeat",
      "SamplerName": "_e0",
      "textureUnit": 2,
      "Type": "Emission"
    },
    "CmnTex_Cdun_Star_A_Nrm": {
      "WrapModeS": "Repeat",
      "WrapModeT": "Repeat",
      "SamplerName": "_n0",
      "textureUnit": 3,
      "Type": "Unknown"
    },
    "Bake_DgnMrgPrt_Dungeon136_Base_g00_b00_f00": {
      "wiiUSampler": {
        "Values": [33690258, 851968, 2147483648]
      },
      "WrapModeS": "Clamp",
      "WrapModeT": "Clamp",
      "SamplerName": "bake0",
      "textureUnit": 4,
      "Type": "Shadow"
    }
  },
  "text": "Mt_Star_A",
  "index": 26
}