{
  "isTransparent": false,
  "matparam": {
    "gsys_bake_st0": {
      "ValueFloat": [0.005615, 0.006368, 0.991558, 0.00039]
    },
    "tex_srt3": {
      "ValueTexSrt": {
        "Scaling": [100.0, 100.0]
      }
    }
  },
  "MaterialU": {
    "ShaderAssign": {
      "AttribAssigns": {
        "_n0": "_n0",
        "_t0": "_t0",
        "_u0": "_u0",
        "_u1": "_u1",
        "_u2": "_u2",
        "_c0": "_c0"
      },
      "SamplerAssigns": {
        "_a0": "_a0",
        "_s0": "_n0",
        "_n0": "_n0",
        "_t0": "bake0"
      },
      "ShaderOptions": {
        "uking_texture4_texcoord": 1,
        "uking_color1_calc_type": 2,
        "uking_vtx_position_modify_vector": 100,
        "enable_bake_texture": 1,
        "uking_enable_texcoord1": 1,
        "uking_texcoord1_mapping": 1
      }
    },
    "Samplers": {
      "bake0": {
        "TexSampler": {
          "Values": [33690258, 851968, 2147483648]
        }
      }
    }
  },
  "shaderassign": {
    "options": {
      "uking_texture_array_texture0": -1,
      "uking_texture_array_texture1": -1,
      "uking_texture_array_texture2": -1,
      "uking_texture_array_texture3": -1,
      "uking_texture4_texcoord": 1,
      "uking_texture_array_texture4": -1,
      "uking_texture_array_texture5": -1,
      "uking_color1_calc_type": 2,
      "uking_vtx_position_modify_vector": 100,
      "enable_bake_texture": 1,
      "uking_enable_texcoord1": 1,
      "uking_texcoord1_mapping": 1
    },
    "samplers": {
      "_a0": "_a0",
      "_s0": "_n0",
      "_n0": "_n0",
      "_t0": "bake0"
    },
    "attributes": {
      "_n0": "_n0",
      "_t0": "_t0",
      "_u0": "_u0",
      "_u1": "_u1",
      "_u2": "_u2",
      "_c0": "_c0"
    }
  },
  "HasShadowMap": true,
  "TextureMaps": {
    "Wall_BoxPartsTextBlack_A_Alb": {
      "WrapModeS": "Repeat",
      "WrapModeT": "Repeat",
      "SamplerName": "_a0",
      "textureUnit": 1,
      "Type": "Diffuse"
    },
    "Wall_BoxPartsTextBlack_A_Nrm": {
      "WrapModeS": "Repeat",
      "WrapModeT": "Repeat",
      "SamplerName": "_n0",
      "textureUnit": 2,
      "Type": "Normal"
    },
    "Bake_DgnMrgPrt_Dungeon135_Base_g00_b00_f00": {
      "wiiUSampler": {
        "Values": [33690258, 851968, 2147483648]
      },
      "WrapModeS": "Clamp",
      "WrapModeT": "Clamp",
      "SamplerName": "bake0",
      "textureUnit": 3,
      "Type": "Shadow"
    }
  },
  "text": "Mt_Wall_BoxPartsTextBlack_A",
  "index": 45
}