{
  "isTransparent": false,
  "renderinfo": {
    "gsys_dynamic_reflection": 1,
    "gsys_priority_hint": "npc",
    "gsys_priority": 1
  },
  "matparam": {
    "const_value3": {
      "ValueFloat": [6.0]
    },
    "const_value0": {
      "ValueFloat": [0.02]
    },
    "const_value1": {
      "ValueFloat": [0.4]
    },
    "const_value4": {
      "ValueFloat": [10.0]
    },
    "const_color0": {
      "ValueFloat": [3.91634917, 4.082697, 0.8072776, 1.0]
    },
    "const_color1": {
      "ValueFloat": [0.7379721, 0.06077818, 0.00125525147, 1.0]
    },
    "const_color3": {
      "ValueFloat": [0.03, 0.03, 0.03, 1.0]
    },
    "const_color2": {
      "ValueFloat": [0.06970691, 0.008912692, 0.0507648736, 1.0]
    },
    "const_color4": {
      "ValueFloat": [0.8829782, 0.186401322, 0.000887410366, 1.0]
    },
    "tex_srt3": {
      "ValueTexSrt": {
        "Scaling": [100.0, 100.0]
      }
    }
  },
  "MaterialU": {
    "RenderInfos": {
      "gsys_dynamic_reflection": 1,
      "gsys_priority_hint": "npc",
      "gsys_priority": 1
    },
    "RenderState": {
      "_flags": 16,
      "_colorControl": 13369600
    },
    "ShaderAssign": {
      "AttribAssigns": {
        "_n0": "_n0",
        "_t0": "_t0",
        "_w0": "_w0",
        "_i0": "_i0",
        "_u0": "_u0"
      },
      "SamplerAssigns": {
        "_a0": "_a0",
        "_n0": "_n0",
        "_e0": "_e0",
        "_t0": "_fx0"
      },
      "ShaderOptions": {
        "uking_texture4_texcoord": 1,
        "uking_texture4_post": 1,
        "uking_enable_calc_color0": 1,
        "uking_color0_calc_type": 8,
        "uking_color0_clamp01": 1,
        "uking_color0_A": 504,
        "uking_color0_A_channel": 10,
        "uking_color0_B": 104,
        "uking_color0_C": 105,
        "uking_color0_C_channel": 2,
        "uking_color0_D": 400,
        "uking_enable_calc_color1": 1,
        "uking_color1_calc_type": 9,
        "uking_color1_A": 100,
        "uking_color1_B": 3,
        "uking_color1_C": 106,
        "uking_color1_D": 400,
        "uking_enable_calc_color2": 1,
        "uking_color2_calc_type": 11,
        "uking_color2_A": 100,
        "uking_color2_B": 3,
        "uking_color2_C": 106,
        "uking_color2_D": 107,
        "uking_enable_calc_color3": 1,
        "uking_color3_calc_type": 4,
        "uking_color3_A": 201,
        "uking_color3_B": 202,
        "uking_color3_C": 200,
        "uking_color3_D": 400,
        "uking_enable_calc_color4": 1,
        "uking_color4_calc_type": 11,
        "uking_color4_before_normal": 1,
        "uking_color4_A_channel": 30,
        "uking_color4_B": 112,
        "uking_color4_C": 108,
        "uking_color4_D": 503,
        "uking_enable_calc_color5": 1,
        "uking_color5_calc_type": 8,
        "uking_color5_before_normal": 1,
        "uking_color5_A": 204,
        "uking_color5_B": 109,
        "uking_color5_C": 203,
        "uking_enable_calc_color6": 1,
        "uking_color6_calc_type": 12,
        "uking_color6_A": 102,
        "uking_color6_B": 101,
        "uking_color6_C_channel": 10,
        "uking_color6_D_channel": 40,
        "uking_enable_calc_color7": 1,
        "uking_color7_calc_type": 12,
        "uking_color7_A": 206,
        "uking_color7_B": 103,
        "uking_color7_C_channel": 20,
        "uking_color7_D_channel": 40,
        "uking_enable_calc_color8": 1,
        "uking_color8_calc_type": 8,
        "uking_color8_before_normal": 1,
        "uking_color8_A": 2,
        "uking_color8_A_channel": 30,
        "uking_color8_B": 4,
        "uking_color8_B_channel": 10,
        "uking_color8_C": 207,
        "uking_vtx_position_modify_vector": 100,
        "gsys_gbuffer_xlu": 1,
        "gsys_gbuffer_xlu_opa": 1,
        "uking_enable_texcoord1": 1,
        "uking_texcoord1_mapping": 10,
        "uking_normal_color": 2,
        "uking_metal_color": 1,
        "uking_metal_channel": 20,
        "uking_albedo_color": 208,
        "uking_specular_channel": 10,
        "uking_enable_emission": 1,
        "uking_emission_color": 205,
        "uking_enable_transmission": 1,
        "uking_transmission_color": 401
      }
    },
    "Samplers": {
      "_a0": {
        "TexSampler": {
          "Values": [33690240, 4228710400, 2147483648]
        }
      },
      "_e0": {
        "TexSampler": {
          "Values": [33690240, 196608, 2147483648]
        }
      }
    }
  },
  "shaderassign": {
    "options": {
      "uking_texture_array_texture0": -1,
      "uking_texture_array_texture1": -1,
      "uking_texture_array_texture2": -1,
      "uking_texture_array_texture3": -1,
      "uking_texture4_texcoord": 1,
      "uking_texture4_post": 1,
      "uking_texture_array_texture4": -1,
      "uking_texture_array_texture5": -1,
      "uking_enable_calc_color0": 1,
      "uking_color0_calc_type": 8,
      "uking_color0_clamp01": 1,
      "uking_color0_A": 504,
      "uking_color0_A_channel": 10,
      "uking_color0_B": 104,
      "uking_color0_C": 105,
      "uking_color0_C_channel": 2,
      "uking_color0_D": 400,
      "uking_enable_calc_color1": 1,
      "uking_color1_calc_type": 9,
      "uking_color1_A": 100,
      "uking_color1_B": 3,
      "uking_color1_C": 106,
      "uking_color1_D": 400,
      "uking_enable_calc_color2": 1,
      "uking_color2_calc_type": 11,
      "uking_color2_A": 100,
      "uking_color2_B": 3,
      "uking_color2_C": 106,
      "uking_color2_D": 107,
      "uking_enable_calc_color3": 1,
      "uking_color3_calc_type": 4,
      "uking_color3_A": 201,
      "uking_color3_B": 202,
      "uking_color3_C": 200,
      "uking_color3_D": 400,
      "uking_enable_calc_color4": 1,
      "uking_color4_calc_type": 11,
      "uking_color4_before_normal": 1,
      "uking_color4_A_channel": 30,
      "uking_color4_B": 112,
      "uking_color4_C": 108,
      "uking_color4_D": 503,
      "uking_enable_calc_color5": 1,
      "uking_color5_calc_type": 8,
      "uking_color5_before_normal": 1,
      "uking_color5_A": 204,
      "uking_color5_B": 109,
      "uking_color5_C": 203,
      "uking_enable_calc_color6": 1,
      "uking_color6_calc_type": 12,
      "uking_color6_A": 102,
      "uking_color6_B": 101,
      "uking_color6_C_channel": 10,
      "uking_color6_D_channel": 40,
      "uking_enable_calc_color7": 1,
      "uking_color7_calc_type": 12,
      "uking_color7_A": 206,
      "uking_color7_B": 103,
      "uking_color7_C_channel": 20,
      "uking_color7_D_channel": 40,
      "uking_enable_calc_color8": 1,
      "uking_color8_calc_type": 8,
      "uking_color8_before_normal": 1,
      "uking_color8_A": 2,
      "uking_color8_A_channel": 30,
      "uking_color8_B": 4,
      "uking_color8_B_channel": 10,
      "uking_color8_C": 207,
      "uking_vtx_position_modify_vector": 100,
      "gsys_gbuffer_xlu": 1,
      "gsys_gbuffer_xlu_opa": 1,
      "uking_enable_texcoord1": 1,
      "uking_texcoord1_mapping": 10,
      "uking_normal_color": 2,
      "uking_metal_color": 1,
      "uking_metal_channel": 20,
      "uking_albedo_color": 208,
      "uking_specular_channel": 10,
      "uking_enable_emission": 1,
      "uking_emission_color": 205,
      "uking_enable_transmission": 1,
      "uking_transmission_color": 401
    },
    "samplers": {
      "_a0": "_a0",
      "_n0": "_n0",
      "_e0": "_e0",
      "_t0": "_fx0"
    },
    "attributes": {
      "_n0": "_n0",
      "_t0": "_t0",
      "_w0": "_w0",
      "_i0": "_i0",
      "_u0": "_u0"
    }
  },
  "HasEmissionMap": true,
  "TextureMaps": {
    "Chuchu_CmnEye_Alb": {
      "wiiUSampler": {
        "Values": [33690240, 4228710400, 2147483648]
      },
      "BiasLod": -1.0,
      "WrapModeS": "Repeat",
      "WrapModeT": "Repeat",
      "SamplerName": "_a0",
      "textureUnit": 1,
      "Type": "Diffuse"
    },
    "Chuchu_CmnEye_Emm": {
      "wiiUSampler": {
        "Values": [33690240, 196608, 2147483648]
      },
      "MaxLod": 3.0,
      "WrapModeS": "Repeat",
      "WrapModeT": "Repeat",
      "SamplerName": "_e0",
      "textureUnit": 2,
      "Type": "Emission"
    },
    "Chuchu_CmnEye_Nrm": {
      "WrapModeS": "Repeat",
      "WrapModeT": "Repeat",
      "SamplerName": "_n0",
      "textureUnit": 3,
      "Type": "Normal"
    },
    "Chuchu_Env_Fx": {
      "WrapModeS": "Repeat",
      "WrapModeT": "Repeat",
      "SamplerName": "_fx0",
      "textureUnit": 4,
      "Type": "Unknown"
    }
  },
  "text": "Mt_Eye",
  "index": 1
}