{
  "isTransparent": false,
  "renderinfo": {
    "gsys_dynamic_reflection": 1,
    "gsys_priority_hint": "npc"
  },
  "matparam": {
    "const_value7": {
      "ValueFloat": [
        1.2
      ]
    },
    "const_value3": {
      "ValueFloat": [
        20.0
      ]
    },
    "texture_array_index0": {
      "ValueFloat": [
        0.0
      ]
    },
    "texture_array_index1": {
      "ValueFloat": [
        0.0
      ]
    },
    "texture_array_index2": {
      "ValueFloat": [
        0.0
      ]
    },
    "texture_array_index3": {
      "ValueFloat": [
        0.0
      ]
    },
    "texture_array_index4": {
      "ValueFloat": [
        0.0
      ]
    },
    "texture_array_index5": {
      "ValueFloat": [
        0.0
      ]
    },
    "gsys_alpha_test_ref_value": {
      "DependedIndex": 31,
      "DependIndex": 31,
      "Type": "Float",
      "HasPadding": false,
      "ValueFloat": [
        0.0
      ],
      "ValueSrt2D": {
        "Scaling": [
          0.0,
          0.0
        ],
        "Translation": [
          0.0,
          0.0
        ]
      },
      "ValueSrt3D": {
        "Scaling": [
          0.0,
          0.0,
          0.0
        ],
        "Rotation": [
          0.0,
          0.0,
          0.0
        ],
        "Translation": [
          0.0,
          0.0,
          0.0
        ]
      },
      "ValueTexSrt": {
        "Mode": "ModeMaya",
        "Scaling": [
          0.0,
          0.0
        ],
        "Translation": [
          0.0,
          0.0
        ]
      },
      "ValueTexSrtEx": {
        "Mode": "ModeMaya",
        "Scaling": [
          0.0,
          0.0
        ],
        "Translation": [
          0.0,
          0.0
        ]
      }
    },
    "const_value2": {
      "ValueFloat": [
        0.45
      ]
    },
    "const_value5": {
      "ValueFloat": [
        0.65
      ]
    },
    "const_value6": {
      "ValueFloat": [
        0.35
      ]
    },
    "indirect_scale1": {
      "ValueFloat": [
        0.06,
        0.06
      ]
    },
    "gsys_bake_light_scale": {
      "DependedIndex": 44,
      "DependIndex": 44,
      "Type": "Float3",
      "HasPadding": false,
      "ValueFloat": [
        1.0,
        1.0,
        1.0
      ],
      "ValueSrt2D": {
        "Scaling": [
          0.0,
          0.0
        ],
        "Translation": [
          0.0,
          0.0
        ]
      },
      "ValueSrt3D": {
        "Scaling": [
          0.0,
          0.0,
          0.0
        ],
        "Rotation": [
          0.0,
          0.0,
          0.0
        ],
        "Translation": [
          0.0,
          0.0,
          0.0
        ]
      },
      "ValueTexSrt": {
        "Mode": "ModeMaya",
        "Scaling": [
          0.0,
          0.0
        ],
        "Translation": [
          0.0,
          0.0
        ]
      },
      "ValueTexSrtEx": {
        "Mode": "ModeMaya",
        "Scaling": [
          0.0,
          0.0
        ],
        "Translation": [
          0.0,
          0.0
        ]
      }
    },
    "gsys_bake_st0": {
      "DependedIndex": 45,
      "DependIndex": 45,
      "Type": "Float4",
      "HasPadding": false,
      "ValueFloat": [
        0.0,
        0.0,
        0.0,
        0.0
      ],
      "ValueSrt2D": {
        "Scaling": [
          0.0,
          0.0
        ],
        "Translation": [
          0.0,
          0.0
        ]
      },
      "ValueSrt3D": {
        "Scaling": [
          0.0,
          0.0,
          0.0
        ],
        "Rotation": [
          0.0,
          0.0,
          0.0
        ],
        "Translation": [
          0.0,
          0.0,
          0.0
        ]
      },
      "ValueTexSrt": {
        "Mode": "ModeMaya",
        "Scaling": [
          0.0,
          0.0
        ],
        "Translation": [
          0.0,
          0.0
        ]
      },
      "ValueTexSrtEx": {
        "Mode": "ModeMaya",
        "Scaling": [
          0.0,
          0.0
        ],
        "Translation": [
          0.0,
          0.0
        ]
      }
    },
    "const_color0": {
      "ValueFloat": [
        0.00825605448,
        0.0274205469,
        0.06565617,
        1.0
      ]
    },
    "const_color1": {
      "ValueFloat": [
        0.0112376455,
        0.0473661423,
        0.0913662538,
        1.0
      ]
    },
    "gsys_bake_st1": {
      "DependedIndex": 48,
      "DependIndex": 48,
      "Type": "Float4",
      "HasPadding": false,
      "ValueFloat": [
        0.0,
        0.0,
        0.0,
        0.0
      ],
      "ValueSrt2D": {
        "Scaling": [
          0.0,
          0.0
        ],
        "Translation": [
          0.0,
          0.0
        ]
      },
      "ValueSrt3D": {
        "Scaling": [
          0.0,
          0.0,
          0.0
        ],
        "Rotation": [
          0.0,
          0.0,
          0.0
        ],
        "Translation": [
          0.0,
          0.0,
          0.0
        ]
      },
      "ValueTexSrt": {
        "Mode": "ModeMaya",
        "Scaling": [
          0.0,
          0.0
        ],
        "Translation": [
          0.0,
          0.0
        ]
      },
      "ValueTexSrtEx": {
        "Mode": "ModeMaya",
        "Scaling": [
          0.0,
          0.0
        ],
        "Translation": [
          0.0,
          0.0
        ]
      }
    },
    "const_color3": {
      "ValueFloat": [
        0.6,
        1.0,
        1.0,
        1.0
      ]
    },
    "const_color2": {
      "ValueFloat": [
        0.114899345,
        0.294853419,
        0.410276681,
        1.0
      ]
    }
  },
  "MaterialU": {
    "RenderInfos": {
      "gsys_dynamic_reflection": 1,
      "gsys_priority_hint": "npc"
    },
    "RenderState": {
      "_flags": 16,
      "_colorControl": 13369600
    },
    "ShaderAssign": {
      "AttribAssigns": {
        "_n0": "_n0",
        "_t0": "_t0",
        "_w0": "_w0",
        "_i0": "_i0",
        "_u0": "_u0",
        "_c0": "_c0"
      },
      "SamplerAssigns": {
        "_a0": "_a0",
        "_s0": "_i0",
        "_n0": "_n0",
        "_e0": "_fx0"
      },
      "ShaderOptions": {
        "uking_texture0_post": 1,
        "uking_texture1_texcoord": 4,
        "uking_texture1_decode": 1,
        "uking_enable_indirect1": 1,
        "uking_texture1_post": 1,
        "uking_indirect1_texcoord": 3,
        "uking_enable_indirect1_world_scaling": 1,
        "uking_texture3_texcoord": 4,
        "uking_texture3_post": 1,
        "gsys_enable_color_buffer": 1,
        "uking_texture_scene_color_post": 1,
        "uking_texture_scene_color0_texcoord": 3,
        "uking_enable_depth_buffer": 1,
        "uking_texture_scene_depth_post": 1,
        "uking_texture_scene_depth0_texcoord": 3,
        "uking_texture_scene_depth1_texcoord": 3,
        "uking_depth_diff_scale_to_scene_color0": 402,
        "uking_enable_calc_color0": 1,
        "uking_color0_calc_type": 21,
        "uking_color0_clamp01": 1,
        "uking_color0_before_normal": 1,
        "uking_color0_B": 3,
        "uking_color0_B_channel": 30,
        "uking_color0_C": 106,
        "uking_color0_C_channel": 2,
        "uking_color0_D": 107,
        "uking_enable_calc_color1": 1,
        "uking_color1_calc_type": 4,
        "uking_color1_clamp01": 1,
        "uking_color1_before_normal": 1,
        "uking_color1_A": 100,
        "uking_color1_B": 101,
        "uking_color1_C": 200,
        "uking_enable_calc_color2": 1,
        "uking_color2_calc_type": 6,
        "uking_color2_clamp01": 1,
        "uking_color2_before_normal": 1,
        "uking_color2_A": 500,
        "uking_color2_B": 110,
        "uking_color2_C": 503,
        "uking_color2_D": 403,
        "uking_enable_calc_color3": 1,
        "uking_color3_calc_type": 12,
        "uking_color3_clamp01": 1,
        "uking_color3_before_normal": 1,
        "uking_color3_A": 109,
        "uking_color3_B": 402,
        "uking_color3_C": 202,
        "uking_color3_D": 201,
        "uking_enable_calc_color4": 1,
        "uking_color4_calc_type": 9,
        "uking_color4_before_normal": 1,
        "uking_color4_A": 3,
        "uking_color4_A_channel": 20,
        "uking_color4_B": 203,
        "uking_color4_C": 403,
        "uking_color4_D": 201,
        "uking_enable_calc_color5": 1,
        "uking_color5_calc_type": 15,
        "uking_color5_before_normal": 1,
        "uking_color5_A": 203,
        "uking_color5_B": 402,
        "uking_color5_C": 3,
        "uking_color5_C_channel": 10,
        "uking_color5_D": 204,
        "uking_enable_calc_color6": 1,
        "uking_color6_calc_type": 28,
        "uking_color6_before_normal": 1,
        "uking_color6_A": 503,
        "uking_color6_B": 111,
        "uking_color6_C": 8,
        "uking_color6_D": 400,
        "uking_vtx_position_modify_vector": 100,
        "gsys_gbuffer_xlu": 1,
        "gsys_gbuffer_xlu_opa": 1,
        "uking_enable_texcoord1": 1,
        "uking_texcoord1_mapping": 10,
        "uking_enable_proctexcoord0": 1,
        "uking_proctexcoord0_mapping": 1,
        "uking_enable_proctexcoord1": 1,
        "uking_normal_color": 2,
        "uking_normal_color2": 5,
        "uking_normalmap_blend_ratio": 107,
        "uking_chara_size": 3,
        "uking_metal_color": 402,
        "uking_albedo_color": 205,
        "uking_specmask_scaler": 402,
        "uking_specular_channel": 10,
        "uking_enable_emission": 1,
        "uking_emission_color": 206,
        "uking_enable_transmission": 1,
        "uking_transmission_color": 103,
        "uking_transparency_color": 402
      }
    }
  },
  "shaderassign": {
    "options": {
      "uking_texture0_post": 1,
      "uking_texture_array_texture0": -1,
      "uking_texture1_texcoord": 4,
      "uking_texture1_decode": 1,
      "uking_enable_indirect1": 1,
      "uking_texture1_post": 1,
      "uking_indirect1_texcoord": 3,
      "uking_enable_indirect1_world_scaling": 1,
      "uking_texture_array_texture1": -1,
      "uking_texture_array_texture2": -1,
      "uking_texture3_texcoord": 4,
      "uking_texture3_post": 1,
      "uking_texture_array_texture3": -1,
      "uking_texture_array_texture4": -1,
      "uking_texture_array_texture5": -1,
      "gsys_enable_color_buffer": 1,
      "uking_texture_scene_color_post": 1,
      "uking_texture_scene_color0_texcoord": 3,
      "uking_enable_depth_buffer": 1,
      "uking_texture_scene_depth_post": 1,
      "uking_texture_scene_depth0_texcoord": 3,
      "uking_texture_scene_depth1_texcoord": 3,
      "uking_depth_diff_scale_to_scene_color0": 402,
      "uking_enable_calc_color0": 1,
      "uking_color0_calc_type": 21,
      "uking_color0_clamp01": 1,
      "uking_color0_before_normal": 1,
      "uking_color0_B": 3,
      "uking_color0_B_channel": 30,
      "uking_color0_C": 106,
      "uking_color0_C_channel": 2,
      "uking_color0_D": 107,
      "uking_enable_calc_color1": 1,
      "uking_color1_calc_type": 4,
      "uking_color1_clamp01": 1,
      "uking_color1_before_normal": 1,
      "uking_color1_A": 100,
      "uking_color1_B": 101,
      "uking_color1_C": 200,
      "uking_enable_calc_color2": 1,
      "uking_color2_calc_type": 6,
      "uking_color2_clamp01": 1,
      "uking_color2_before_normal": 1,
      "uking_color2_A": 500,
      "uking_color2_B": 110,
      "uking_color2_C": 503,
      "uking_color2_D": 403,
      "uking_enable_calc_color3": 1,
      "uking_color3_calc_type": 12,
      "uking_color3_clamp01": 1,
      "uking_color3_before_normal": 1,
      "uking_color3_A": 109,
      "uking_color3_B": 402,
      "uking_color3_C": 202,
      "uking_color3_D": 201,
      "uking_enable_calc_color4": 1,
      "uking_color4_calc_type": 9,
      "uking_color4_before_normal": 1,
      "uking_color4_A": 3,
      "uking_color4_A_channel": 20,
      "uking_color4_B": 203,
      "uking_color4_C": 403,
      "uking_color4_D": 201,
      "uking_enable_calc_color5": 1,
      "uking_color5_calc_type": 15,
      "uking_color5_before_normal": 1,
      "uking_color5_A": 203,
      "uking_color5_B": 402,
      "uking_color5_C": 3,
      "uking_color5_C_channel": 10,
      "uking_color5_D": 204,
      "uking_enable_calc_color6": 1,
      "uking_color6_calc_type": 28,
      "uking_color6_before_normal": 1,
      "uking_color6_A": 503,
      "uking_color6_B": 111,
      "uking_color6_C": 8,
      "uking_color6_D": 400,
      "uking_vtx_position_modify_vector": 100,
      "gsys_gbuffer_xlu": 1,
      "gsys_gbuffer_xlu_opa": 1,
      "uking_enable_texcoord1": 1,
      "uking_texcoord1_mapping": 10,
      "uking_enable_proctexcoord0": 1,
      "uking_proctexcoord0_mapping": 1,
      "uking_enable_proctexcoord1": 1,
      "uking_normal_color": 2,
      "uking_normal_color2": 5,
      "uking_normalmap_blend_ratio": 107,
      "uking_chara_size": 3,
      "uking_metal_color": 402,
      "uking_albedo_color": 205,
      "uking_specmask_scaler": 402,
      "uking_specular_channel": 10,
      "uking_enable_emission": 1,
      "uking_emission_color": 206,
      "uking_enable_transmission": 1,
      "uking_transmission_color": 103,
      "uking_transparency_color": 402
    },
    "samplers": {
      "_a0": "_a0",
      "_s0": "_i0",
      "_n0": "_n0",
      "_e0": "_fx0"
    },
    "attributes": {
      "_n0": "_n0",
      "_t0": "_t0",
      "_w0": "_w0",
      "_i0": "_i0",
      "_u0": "_u0",
      "_c0": "_c0"
    }
  },
  "TextureMaps": {
    "Chuchu_Cmn_Alb": {
      "WrapModeS": "Repeat",
      "WrapModeT": "Repeat",
      "SamplerName": "_a0",
      "textureUnit": 1,
      "Type": "Diffuse"
    },
    "Chuchu_Cmn_Nrm": {
      "WrapModeS": "Repeat",
      "WrapModeT": "Repeat",
      "SamplerName": "_n0",
      "textureUnit": 2,
      "Type": "Normal"
    },
    "Chuchu_Env_Ind": {
      "WrapModeS": "Repeat",
      "WrapModeT": "Repeat",
      "SamplerName": "_i0",
      "textureUnit": 3,
      "Type": "Unknown"
    },
    "Chuchu_Env_Fx": {
      "WrapModeS": "Repeat",
      "WrapModeT": "Repeat",
      "SamplerName": "_fx0",
      "textureUnit": 4,
      "Type": "Unknown"
    }
  }
}