{
  "isTransparent": false,
  "renderinfo": {
    "gsys_priority_hint": "npc"
  },
  "matparam": {
    "const_value1": {
      "ValueFloat": [3.0]
    },
    "indirect_scale0": {
      "ValueFloat": [2.0, 2.0]
    },
    "indirect_scale4": {
      "ValueFloat": [0.02, 0.02]
    },
    "const_color0": {
      "ValueFloat": [0.605, 0.95, 1.0, 1.0]
    },
    "const_color1": {
      "ValueFloat": [0.32, 0.3395104, 0.38, 1.0]
    },
    "uk_damage_color": {
      "ValueFloat": [1.0, 0.0, 0.0, 0.0]
    },
    "tex_srt3": {
      "ValueTexSrt": {
        "Scaling": [100.0, 100.0]
      }
    }
  },
  "MaterialU": {
    "RenderInfos": {
      "gsys_priority_hint": "npc"
    },
    "ShaderAssign": {
      "AttribAssigns": {
        "_n0": "_n0",
        "_t0": "_t0",
        "_u0": "_u0"
      },
      "SamplerAssigns": {
        "_a0": "_n0",
        "_s0": "_fx1",
        "_n0": "_fx0",
        "_e0": "_a0",
        "_t0": "_n0"
      },
      "ShaderOptions": {
        "uking_enable_indirect0": 1,
        "uking_indirect0_texcoord": 1,
        "uking_texture1_texcoord": 3,
        "uking_texture1_post": 1,
        "uking_texture2_texcoord": 1,
        "uking_texture2_post": 1,
        "uking_texture3_texcoord": 2,
        "uking_texture4_decode": 1,
        "uking_enable_indirect4": 1,
        "uking_indirect4_texcoord": 2,
        "uking_enable_calc_color0": 1,
        "uking_color0_calc_type": 2,
        "uking_color0_clamp01": 1,
        "uking_color0_before_normal": 1,
        "uking_color0_A": 3,
        "uking_color0_B": 3,
        "uking_color0_C": 2,
        "uking_color0_D": 1,
        "uking_color0_D_channel": 20,
        "uking_enable_calc_color1": 1,
        "uking_color1_calc_type": 2,
        "uking_color1_clamp01": 1,
        "uking_color1_before_normal": 1,
        "uking_color1_A_channel": 20,
        "uking_color1_B": 1,
        "uking_color1_B_channel": 20,
        "uking_enable_calc_color2": 1,
        "uking_color2_calc_type": 16,
        "uking_color2_clamp01": 1,
        "uking_color2_before_normal": 1,
        "uking_color2_A": 200,
        "uking_color2_B": 201,
        "uking_color2_C": 101,
        "uking_color2_D": 1,
        "uking_color2_D_channel": 10,
        "uking_enable_calc_color3": 1,
        "uking_color3_calc_type": 9,
        "uking_color3_clamp01": 1,
        "uking_color3_before_normal": 1,
        "uking_color3_A": 503,
        "uking_color3_B": 503,
        "uking_color3_C": 403,
        "uking_color3_D": 402,
        "uking_enable_calc_color4": 1,
        "uking_color4_calc_type": 19,
        "uking_color4_before_normal": 1,
        "uking_color4_A": 200,
        "uking_color4_B": 203,
        "uking_color4_C": 2,
        "uking_color4_D": 100,
        "uking_enable_calc_color5": 1,
        "uking_color5_calc_type": 2,
        "uking_color5_before_normal": 1,
        "uking_color5_A": 204,
        "uking_color5_B": 105,
        "uking_vtx_position_modify_vector": 100,
        "uking_vtx_position_modify_A": 106,
        "uking_inner_light_mode": 1,
        "uking_inner_light_source_position": 400,
        "uking_inner_light_source_radius": 404,
        "uking_inner_light_diffusivity": 404,
        "uking_enable_texcoord1": 1,
        "uking_texcoord1_mapping": 104,
        "uking_enable_texcoord2": 1,
        "uking_enable_proctexcoord0": 1,
        "uking_chara_size": 3,
        "uking_metal_color": 3,
        "uking_albedo_color": 202,
        "uking_specmask_scaler": 402,
        "uking_specular_channel": 10,
        "uking_enable_emission": 1,
        "uking_emission_color": 205,
        "uking_enable_transmission": 1,
        "uking_transmission_color": 401
      }
    }
  },
  "shaderassign": {
    "options": {
      "uking_enable_indirect0": 1,
      "uking_indirect0_texcoord": 1,
      "uking_texture_array_texture0": -1,
      "uking_texture1_texcoord": 3,
      "uking_texture1_post": 1,
      "uking_texture_array_texture1": -1,
      "uking_texture2_texcoord": 1,
      "uking_texture2_post": 1,
      "uking_texture_array_texture2": -1,
      "uking_texture3_texcoord": 2,
      "uking_texture_array_texture3": -1,
      "uking_texture4_decode": 1,
      "uking_enable_indirect4": 1,
      "uking_indirect4_texcoord": 2,
      "uking_texture_array_texture4": -1,
      "uking_texture_array_texture5": -1,
      "uking_enable_calc_color0": 1,
      "uking_color0_calc_type": 2,
      "uking_color0_clamp01": 1,
      "uking_color0_before_normal": 1,
      "uking_color0_A": 3,
      "uking_color0_B": 3,
      "uking_color0_C": 2,
      "uking_color0_D": 1,
      "uking_color0_D_channel": 20,
      "uking_enable_calc_color1": 1,
      "uking_color1_calc_type": 2,
      "uking_color1_clamp01": 1,
      "uking_color1_before_normal": 1,
      "uking_color1_A_channel": 20,
      "uking_color1_B": 1,
      "uking_color1_B_channel": 20,
      "uking_enable_calc_color2": 1,
      "uking_color2_calc_type": 16,
      "uking_color2_clamp01": 1,
      "uking_color2_before_normal": 1,
      "uking_color2_A": 200,
      "uking_color2_B": 201,
      "uking_color2_C": 101,
      "uking_color2_D": 1,
      "uking_color2_D_channel": 10,
      "uking_enable_calc_color3": 1,
      "uking_color3_calc_type": 9,
      "uking_color3_clamp01": 1,
      "uking_color3_before_normal": 1,
      "uking_color3_A": 503,
      "uking_color3_B": 503,
      "uking_color3_C": 403,
      "uking_color3_D": 402,
      "uking_enable_calc_color4": 1,
      "uking_color4_calc_type": 19,
      "uking_color4_before_normal": 1,
      "uking_color4_A": 200,
      "uking_color4_B": 203,
      "uking_color4_C": 2,
      "uking_color4_D": 100,
      "uking_enable_calc_color5": 1,
      "uking_color5_calc_type": 2,
      "uking_color5_before_normal": 1,
      "uking_color5_A": 204,
      "uking_color5_B": 105,
      "uking_vtx_position_modify_vector": 100,
      "uking_vtx_position_modify_A": 106,
      "uking_inner_light_mode": 1,
      "uking_inner_light_source_position": 400,
      "uking_inner_light_source_radius": 404,
      "uking_inner_light_diffusivity": 404,
      "uking_enable_texcoord1": 1,
      "uking_texcoord1_mapping": 104,
      "uking_enable_texcoord2": 1,
      "uking_enable_proctexcoord0": 1,
      "uking_chara_size": 3,
      "uking_metal_color": 3,
      "uking_albedo_color": 202,
      "uking_specmask_scaler": 402,
      "uking_specular_channel": 10,
      "uking_enable_emission": 1,
      "uking_emission_color": 205,
      "uking_enable_transmission": 1,
      "uking_transmission_color": 401
    },
    "samplers": {
      "_a0": "_n0",
      "_s0": "_fx1",
      "_n0": "_fx0",
      "_e0": "_a0",
      "_t0": "_n0"
    },
    "attributes": {
      "_n0": "_n0",
      "_t0": "_t0",
      "_u0": "_u0"
    }
  },
  "HasDiffuseMap": false,
  "TextureMaps": {
    "IceSpike_Alb": {
      "WrapModeS": "Repeat",
      "WrapModeT": "Repeat",
      "SamplerName": "_a0",
      "textureUnit": 1,
      "Type": "Normal"
    },
    "IceSpike_Nrm": {
      "WrapModeS": "Repeat",
      "WrapModeT": "Repeat",
      "SamplerName": "_n0",
      "textureUnit": 2,
      "Type": "Unknown"
    },
    "Chuchu_CmnLut_Ice_Fx": {
      "WrapModeS": "Repeat",
      "WrapModeT": "Repeat",
      "SamplerName": "_fx0",
      "textureUnit": 3,
      "Type": "Unknown"
    },
    "Chuchu_Env_Fx": {
      "WrapModeS": "Repeat",
      "WrapModeT": "Repeat",
      "SamplerName": "_fx1",
      "textureUnit": 4,
      "Type": "Unknown"
    }
  },
  "text": "Mt_Ice"
}