{
  "isTransparent": false,
  "renderinfo": {
    "uking_edit_sky_occlusion": 1
  },
  "matparam": {
    "const_color0": {
      "ValueFloat": [0.0, 0.0, 0.0, 1.0]
    },
    "tex_srt3": {
      "ValueTexSrt": {
        "Scaling": [100.0, 100.0]
      }
    }
  },
  "MaterialU": {
    "RenderInfos": {
      "uking_edit_sky_occlusion": 1
    },
    "ShaderAssign": {
      "AttribAssigns": {
        "_n0": "_n0",
        "_t0": "_t0",
        "_i0": "_i0",
        "_u0": "_u0",
        "_c0": "_c0"
      },
      "SamplerAssigns": {
        "_a0": "_a0",
        "_s0": "_n0",
        "_n0": "_mt0",
        "_e0": "_e0"
      },
      "ShaderOptions": {
        "uking_color1_A_channel": 40,
        "uking_color2_A": 1,
        "uking_color2_B": 300,
        "uking_enable_calc_color3": 1,
        "uking_color3_calc_type": 9,
        "uking_color3_A": 3,
        "uking_color3_A_channel": 10,
        "uking_color3_B": 100,
        "uking_color3_C": 104,
        "uking_color3_D": 104,
        "uking_vtx_position_modify_vector": 100,
        "uking_material_behave": 2,
        "uking_metal_color": 2,
        "uking_enable_emission": 1,
        "uking_emission_color": 203
      }
    }
  },
  "shaderassign": {
    "options": {
      "uking_texture_array_texture0": -1,
      "uking_texture_array_texture1": -1,
      "uking_texture_array_texture2": -1,
      "uking_texture_array_texture3": -1,
      "uking_texture_array_texture4": -1,
      "uking_texture_array_texture5": -1,
      "uking_color1_A_channel": 40,
      "uking_color2_A": 1,
      "uking_color2_B": 300,
      "uking_enable_calc_color3": 1,
      "uking_color3_calc_type": 9,
      "uking_color3_A": 3,
      "uking_color3_A_channel": 10,
      "uking_color3_B": 100,
      "uking_color3_C": 104,
      "uking_color3_D": 104,
      "uking_vtx_position_modify_vector": 100,
      "uking_material_behave": 2,
      "uking_metal_color": 2,
      "uking_enable_emission": 1,
      "uking_emission_color": 203
    },
    "samplers": {
      "_a0": "_a0",
      "_s0": "_n0",
      "_n0": "_mt0",
      "_e0": "_e0"
    },
    "attributes": {
      "_n0": "_n0",
      "_t0": "_t0",
      "_i0": "_i0",
      "_u0": "_u0",
      "_c0": "_c0"
    }
  },
  "HasNormalMap": false,
  "HasEmissionMap": true,
  "TextureMaps": {
    "CookSet_A_Alb": {
      "WrapModeS": "Repeat",
      "WrapModeT": "Repeat",
      "SamplerName": "_a0",
      "textureUnit": 1,
      "Type": "Diffuse"
    },
    "CookSet_A_Emm": {
      "WrapModeS": "Repeat",
      "WrapModeT": "Repeat",
      "SamplerName": "_e0",
      "textureUnit": 2,
      "Type": "Emission"
    },
    "CookSet_A_Nrm": {
      "WrapModeS": "Repeat",
      "WrapModeT": "Repeat",
      "SamplerName": "_n0",
      "textureUnit": 3,
      "Type": "Unknown"
    },
    "CookSet_A_Mtl": {
      "WrapModeS": "Repeat",
      "WrapModeT": "Repeat",
      "SamplerName": "_mt0",
      "textureUnit": 4,
      "Type": "Unknown"
    }
  }
}