{
  "isTransparent": false,
  "renderinfo": {
    "uking_edit_sky_occlusion": 1
  },
  "matparam": {
    "gsys_bake_st0": {
      "ValueFloat": [0.150394, 0.297852, 0.000161, 0.699502]
    },
    "tex_srt0": {
      "ValueTexSrt": {
        "Rotation": 0.0174532924,
        "Translation": [-0.36, 0.0]
      }
    },
    "tex_srt3": {
      "ValueTexSrt": {
        "Scaling": [100.0, 100.0]
      }
    }
  },
  "MaterialU": {
    "RenderInfos": {
      "uking_edit_sky_occlusion": 1
    },
    "ShaderAssign": {
      "AttribAssigns": {
        "_n0": "_n0",
        "_t0": "_t0",
        "_u0": "_u0",
        "_u1": "_u1",
        "_u2": "_u2",
        "_c0": "_c0"
      },
      "SamplerAssigns": {
        "_a0": "_a0",
        "_s0": "_n0",
        "_n0": "_a1",
        "_e0": "_n1",
        "_t0": "bake0",
        "_a1": "_e0"
      },
      "ShaderOptions": {
        "uking_texture2_texcoord": 2,
        "uking_texture3_texcoord": 2,
        "uking_texture4_texcoord": 1,
        "uking_texture6_texture": 5,
        "uking_texture6_texcoord": 6,
        "uking_enable_calc_color0": 1,
        "uking_color0_calc_type": 4,
        "uking_color0_A": 402,
        "uking_color0_A_channel": 40,
        "uking_color0_B_channel": 40,
        "uking_color0_C": 300,
        "uking_color0_C_channel": 41,
        "uking_enable_calc_color1": 1,
        "uking_color1_calc_type": 4,
        "uking_color1_A": 2,
        "uking_color1_C": 200,
        "uking_color1_C_channel": 40,
        "uking_color1_D": 300,
        "uking_enable_calc_color2": 1,
        "uking_color2_calc_type": 4,
        "uking_color2_A": 3,
        "uking_color2_A_channel": 30,
        "uking_color2_B": 1,
        "uking_color2_B_channel": 30,
        "uking_color2_C": 200,
        "uking_color2_C_channel": 40,
        "uking_color2_D": 300,
        "uking_enable_calc_color3": 1,
        "uking_color3_calc_type": 11,
        "uking_color3_A": 5,
        "uking_color3_A_channel": 10,
        "uking_color3_B": 100,
        "uking_color3_C": 200,
        "uking_color3_C_channel": 41,
        "uking_color3_D": 6,
        "uking_color3_D_channel": 40,
        "uking_color4_calc_type": 2,
        "uking_color4_A": 5,
        "uking_color4_A_channel": 40,
        "uking_color4_B": 402,
        "uking_color4_B_channel": 40,
        "uking_color4_C": 300,
        "uking_color4_C_channel": 40,
        "uking_color4_D": 300,
        "uking_color4_D_channel": 41,
        "uking_color5_calc_type": 12,
        "uking_color5_A": 201,
        "uking_color5_B": 203,
        "uking_color5_C": 300,
        "uking_color5_C_channel": 41,
        "uking_color5_D_channel": 41,
        "uking_color6_calc_type": 9,
        "uking_color6_A": 5,
        "uking_color6_A_channel": 10,
        "uking_color6_B": 100,
        "uking_color6_C": 300,
        "uking_color6_C_channel": 41,
        "uking_color7_calc_type": 4,
        "uking_color7_A": 200,
        "uking_color7_B": 202,
        "uking_color7_C": 204,
        "uking_color7_C_channel": 41,
        "uking_vtx_position_modify_vector": 100,
        "enable_bake_texture": 1,
        "uking_enable_texcoord1": 1,
        "uking_texcoord1_mapping": 1,
        "uking_enable_texcoord2": 1,
        "uking_texcoord2_mapping": 2,
        "uking_enable_texcoord3": 1,
        "uking_enable_normalmap2": 1,
        "uking_normalmap_blend_ratio": 200,
        "uking_normalmap_blend_channel": 41,
        "uking_albedo_color": 201,
        "uking_specmask_scaler": 202,
        "uking_specular_channel": 10,
        "uking_enable_emission": 1,
        "uking_emission_color": 203,
        "uking_transparency_color": 300
      }
    },
    "Samplers": {
      "bake0": {
        "TexSampler": {
          "Values": [33690258, 851968, 2147483648]
        }
      }
    }
  },
  "shaderassign": {
    "options": {
      "uking_texture2_texcoord": 2,
      "uking_texture3_texcoord": 2,
      "uking_texture4_texcoord": 1,
      "uking_texture6_texture": 5,
      "uking_texture6_texcoord": 6,
      "uking_enable_calc_color0": 1,
      "uking_color0_calc_type": 4,
      "uking_color0_A": 402,
      "uking_color0_A_channel": 40,
      "uking_color0_B_channel": 40,
      "uking_color0_C": 300,
      "uking_color0_C_channel": 41,
      "uking_enable_calc_color1": 1,
      "uking_color1_calc_type": 4,
      "uking_color1_A": 2,
      "uking_color1_C": 200,
      "uking_color1_C_channel": 40,
      "uking_color1_D": 300,
      "uking_enable_calc_color2": 1,
      "uking_color2_calc_type": 4,
      "uking_color2_A": 3,
      "uking_color2_A_channel": 30,
      "uking_color2_B": 1,
      "uking_color2_B_channel": 30,
      "uking_color2_C": 200,
      "uking_color2_C_channel": 40,
      "uking_color2_D": 300,
      "uking_enable_calc_color3": 1,
      "uking_color3_calc_type": 11,
      "uking_color3_A": 5,
      "uking_color3_A_channel": 10,
      "uking_color3_B": 100,
      "uking_color3_C": 200,
      "uking_color3_C_channel": 41,
      "uking_color3_D": 6,
      "uking_color3_D_channel": 40,
      "uking_color4_calc_type": 2,
      "uking_color4_A": 5,
      "uking_color4_A_channel": 40,
      "uking_color4_B": 402,
      "uking_color4_B_channel": 40,
      "uking_color4_C": 300,
      "uking_color4_C_channel": 40,
      "uking_color4_D": 300,
      "uking_color4_D_channel": 41,
      "uking_color5_calc_type": 12,
      "uking_color5_A": 201,
      "uking_color5_B": 203,
      "uking_color5_C": 300,
      "uking_color5_C_channel": 41,
      "uking_color5_D_channel": 41,
      "uking_color6_calc_type": 9,
      "uking_color6_A": 5,
      "uking_color6_A_channel": 10,
      "uking_color6_B": 100,
      "uking_color6_C": 300,
      "uking_color6_C_channel": 41,
      "uking_color7_calc_type": 4,
      "uking_color7_A": 200,
      "uking_color7_B": 202,
      "uking_color7_C": 204,
      "uking_color7_C_channel": 41,
      "uking_vtx_position_modify_vector": 100,
      "enable_bake_texture": 1,
      "uking_enable_texcoord1": 1,
      "uking_texcoord1_mapping": 1,
      "uking_enable_texcoord2": 1,
      "uking_texcoord2_mapping": 2,
      "uking_enable_texcoord3": 1,
      "uking_enable_normalmap2": 1,
      "uking_normalmap_blend_ratio": 200,
      "uking_normalmap_blend_channel": 41,
      "uking_albedo_color": 201,
      "uking_specmask_scaler": 202,
      "uking_specular_channel": 10,
      "uking_enable_emission": 1,
      "uking_emission_color": 203,
      "uking_transparency_color": 300
    },
    "samplers": {
      "_a0": "_a0",
      "_s0": "_n0",
      "_n0": "_a1",
      "_e0": "_n1",
      "_t0": "bake0",
      "_a1": "_e0"
    },
    "attributes": {
      "_n0": "_n0",
      "_t0": "_t0",
      "_u0": "_u0",
      "_u1": "_u1",
      "_u2": "_u2",
      "_c0": "_c0"
    }
  },
  "HasNormalMap": false,
  "HasEmissionMap": true,
  "HasShadowMap": true,
  "TextureMaps": {
    "CmnTex_Cdun_Wall_B_Alb": {
      "WrapModeS": "Repeat",
      "WrapModeT": "Repeat",
      "SamplerName": "_a0",
      "textureUnit": 1,
      "Type": "Diffuse"
    },
    "CmnTex_Cdun_Monyo_A_Alb": {
      "WrapModeS": "Repeat",
      "WrapModeT": "Repeat",
      "SamplerName": "_a1",
      "textureUnit": 2,
      "Type": "Unknown"
    },
    "CmnTex_Cdun_Monyo_A_Emm": {
      "WrapModeS": "Repeat",
      "WrapModeT": "Repeat",
      "SamplerName": "_e0",
      "textureUnit": 3,
      "Type": "Emission"
    },
    "CmnTex_Cdun_Wall_B_Nrm": {
      "WrapModeS": "Repeat",
      "WrapModeT": "Repeat",
      "SamplerName": "_n0",
      "textureUnit": 4,
      "Type": "Unknown"
    },
    "CmnTex_Cdun_Monyo_A_Nrm": {
      "WrapModeS": "Repeat",
      "WrapModeT": "Repeat",
      "SamplerName": "_n1",
      "textureUnit": 5,
      "Type": "Unknown"
    },
    "Bake_DgnMrgPrt_Dungeon000_Base_g00_b00_f00": {
      "wiiUSampler": {
        "Values": [33690258, 851968, 2147483648]
      },
      "WrapModeS": "Clamp",
      "WrapModeT": "Clamp",
      "SamplerName": "bake0",
      "textureUnit": 6,
      "Type": "Shadow"
    }
  },
  "text": "Mt_Wall_Multi",
  "index": 44
}