{
  "isTransparent": true,
  "matparam": {
    "gsys_bake_st0": {
      "ValueFloat": [0.00789, 0.015625, 0.925758, 0.980569]
    },
    "tex_srt3": {
      "ValueTexSrt": {
        "Scaling": [100.0, 100.0]
      }
    }
  },
  "MaterialU": {
    "RenderState": {
      "_flags": 2,
      "_alphaControl": 14
    },
    "ShaderAssign": {
      "AttribAssigns": {
        "_n0": "_n0",
        "_t0": "_t0",
        "_u0": "_u0",
        "_u1": "_u1",
        "_u2": "_u2",
        "_c0": "_c0"
      },
      "SamplerAssigns": {
        "_a0": "_a0",
        "_s0": "_n0",
        "_n0": "_e0",
        "_e0": "_e0",
        "_t0": "bake0"
      },
      "ShaderOptions": {
        "uking_texture4_texcoord": 1,
        "uking_enable_calc_color2": 1,
        "uking_color2_calc_type": 9,
        "uking_color2_A": 2,
        "uking_color2_A_channel": 10,
        "uking_color2_B": 100,
        "uking_color2_C": 104,
        "uking_vtx_position_modify_vector": 100,
        "enable_bake_texture": 1,
        "uking_enable_texcoord1": 1,
        "uking_texcoord1_mapping": 1,
        "uking_enable_emission": 1,
        "uking_emission_color": 202
      }
    },
    "Samplers": {
      "bake0": {
        "TexSampler": {
          "Values": [33690258, 851968, 2147483648]
        }
      }
    }
  },
  "shaderassign": {
    "options": {
      "uking_texture4_texcoord": 1,
      "uking_enable_calc_color2": 1,
      "uking_color2_calc_type": 9,
      "uking_color2_A": 2,
      "uking_color2_A_channel": 10,
      "uking_color2_B": 100,
      "uking_color2_C": 104,
      "uking_vtx_position_modify_vector": 100,
      "enable_bake_texture": 1,
      "uking_enable_texcoord1": 1,
      "uking_texcoord1_mapping": 1,
      "uking_enable_emission": 1,
      "uking_emission_color": 202
    },
    "samplers": {
      "_a0": "_a0",
      "_s0": "_n0",
      "_n0": "_e0",
      "_e0": "_e0",
      "_t0": "bake0"
    },
    "attributes": {
      "_n0": "_n0",
      "_t0": "_t0",
      "_u0": "_u0",
      "_u1": "_u1",
      "_u2": "_u2",
      "_c0": "_c0"
    }
  },
  "HasNormalMap": false,
  "HasEmissionMap": true,
  "HasShadowMap": true,
  "TextureMaps": {
    "Wall_BoxPartsWallMark_C_Alb": {
      "WrapModeS": "Repeat",
      "WrapModeT": "Repeat",
      "SamplerName": "_a0",
      "textureUnit": 1,
      "Type": "Diffuse"
    },
    "Wall_BoxPartsWallMark_C_Emm": {
      "WrapModeS": "Repeat",
      "WrapModeT": "Repeat",
      "SamplerName": "_e0",
      "textureUnit": 2,
      "Type": "Emission"
    },
    "Wall_BoxPartsWallMark_C_Nrm": {
      "WrapModeS": "Repeat",
      "WrapModeT": "Repeat",
      "SamplerName": "_n0",
      "textureUnit": 3,
      "Type": "Unknown"
    },
    "Bake_DgnMrgPrt_Dungeon000_Base_g00_b00_f00": {
      "wiiUSampler": {
        "Values": [33690258, 851968, 2147483648]
      },
      "WrapModeS": "Clamp",
      "WrapModeT": "Clamp",
      "SamplerName": "bake0",
      "textureUnit": 4,
      "Type": "Shadow"
    }
  },
  "text": "Mt_LineLight_DUP5",
  "index": 29
}