{
  "isTransparent": false,
  "renderinfo": {
    "uking_edit_sky_occlusion": 1
  },
  "matparam": {
    "gsys_bake_st0": {
      "ValueFloat": [0.007568, 0.008939, 0.909517, 0.026925]
    },
    "tex_srt3": {
      "ValueTexSrt": {
        "Scaling": [100.0, 100.0]
      }
    }
  },
  "MaterialU": {
    "RenderInfos": {
      "uking_edit_sky_occlusion": 1
    },
    "ShaderAssign": {
      "AttribAssigns": {
        "_n0": "_n0",
        "_t0": "_t0",
        "_u0": "_u0",
        "_u1": "_u1",
        "_u2": "_u2",
        "_c0": "_c0"
      },
      "SamplerAssigns": {
        "_a0": "_a0",
        "_s0": "_n0",
        "_n0": "_n0",
        "_t0": "bake0"
      },
      "ShaderOptions": {
        "uking_texture4_texcoord": 1,
        "uking_color1_calc_type": 2,
        "uking_vtx_position_modify_vector": 100,
        "enable_bake_texture": 1,
        "uking_enable_texcoord1": 1,
        "uking_texcoord1_mapping": 1
      }
    },
    "Samplers": {
      "bake0": {
        "TexSampler": {
          "Values": [33690258, 851968, 2147483648]
        }
      }
    }
  },
  "shaderassign": {
    "options": {
      "uking_texture4_texcoord": 1,
      "uking_color1_calc_type": 2,
      "uking_vtx_position_modify_vector": 100,
      "enable_bake_texture": 1,
      "uking_enable_texcoord1": 1,
      "uking_texcoord1_mapping": 1
    },
    "samplers": {
      "_a0": "_a0",
      "_s0": "_n0",
      "_n0": "_n0",
      "_t0": "bake0"
    },
    "attributes": {
      "_n0": "_n0",
      "_t0": "_t0",
      "_u0": "_u0",
      "_u1": "_u1",
      "_u2": "_u2",
      "_c0": "_c0"
    }
  },
  "HasShadowMap": true,
  "TextureMaps": {
    "DgnObj_BoxParts_GoalSystem_F_Alb": {
      "WrapModeS": "Repeat",
      "WrapModeT": "Repeat",
      "SamplerName": "_a0",
      "textureUnit": 1,
      "Type": "Diffuse"
    },
    "DgnObj_BoxParts_GoalSystem_F_Nrm": {
      "WrapModeS": "Repeat",
      "WrapModeT": "Repeat",
      "SamplerName": "_n0",
      "textureUnit": 2,
      "Type": "Normal"
    },
    "Bake_DgnMrgPrt_Dungeon001_Base_g00_b00_f00": {
      "wiiUSampler": {
        "Values": [33690258, 851968, 2147483648]
      },
      "WrapModeS": "Clamp",
      "WrapModeT": "Clamp",
      "SamplerName": "bake0",
      "textureUnit": 3,
      "Type": "Shadow"
    }
  },
  "text": "Mt_DgnObj_BoxParts_GoalSystem_F",
  "index": 17
}