{
  "isTransparent": false,
  "renderinfo": {
    "gsys_dynamic_depth_shadow": null,
    "gsys_cube_map": null,
    "gsys_dynamic_reflection": 1,
    "gsys_priority_hint": "npc",
    "uking_edit_sky_occlusion": null
  },
  "matparam": {
    "const_color1": {
      "ValueFloat": [0.3, 0.156, 0.08, 1.0]
    },
    "const_color3": {
      "ValueFloat": [0.08, 0.04, 0.0, 1.0]
    },
    "tex_srt3": {
      "ValueTexSrt": {
        "Scaling": [9.0, 9.0],
        "Rotation": 0.87266463
      }
    }
  },
  "MaterialU": {
    "ShaderAssign": {
      "AttribAssigns": {
        "_n0": "_n0",
        "_i0": "_i0",
        "_u0": "_u0"
      },
      "SamplerAssigns": {
        "_a0": "_a0",
        "_s0": "_s0",
        "_e0": "_ao0"
      }
    },
    "Samplers": {
      "_a0": {
        "TexSampler": {
          "Values": [33690241, 4228710400, 2147483648]
        }
      },
      "_s0": {
        "TexSampler": {
          "Values": [33690241, 851968, 2147483648]
        }
      },
      "_ao0": {
        "TexSampler": {
          "Values": [33690241, 851968, 2147483648]
        }
      }
    },
    "UserData": null
  },
  "shaderassign": {
    "options": {
      "uking_enable_calc_color0": 1,
      "uking_color0_calc_type": 2,
      "uking_color0_B": 101,
      "uking_color1_A": null,
      "uking_color1_A_channel": null,
      "uking_color1_B": null,
      "uking_vtx_position_modify_vector": 100,
      "uking_lumberjack_side_texcoord": null,
      "uking_texcoord_toon_spec_srt": 3,
      "uking_enable_normalmap": null,
      "uking_normal_color": 2,
      "uking_material_attribute": null,
      "uking_material_behave": 101,
      "uking_metal_color": 3,
      "uking_albedo_color": 200,
      "uking_specular_channel": 10,
      "uking_ao_color": 3
    },
    "samplers": {
      "_a0": "_a0",
      "_s0": "_s0",
      "_e0": "_ao0"
    },
    "attributes": {
      "_n0": "_n0",
      "_i0": "_i0",
      "_u0": "_u0"
    }
  },
  "HasNormalMap": false,
  "HasSpecularMap": true,
  "HasAmbientOcclusionMap": true,
  "TextureMaps": {
    "UMii_Hylia_Nose_C_010_Alb": {
      "wiiUSampler": {
        "Values": [33690241, 4228710400, 2147483648]
      },
      "BiasLod": -1.0,
      "WrapModeS": "Mirror",
      "SamplerName": "_a0",
      "textureUnit": 1,
      "Type": "Diffuse"
    },
    "UMii_Hylia_Nose_C_010_Spm": {
      "wiiUSampler": {
        "Values": [33690241, 851968, 2147483648]
      },
      "WrapModeS": "Mirror",
      "SamplerName": "_s0",
      "textureUnit": 2,
      "Type": "Specular"
    },
    "UMii_Hylia_Nose_C_010_AO": {
      "wiiUSampler": {
        "Values": [33690241, 851968, 2147483648]
      },
      "WrapModeS": "Mirror",
      "SamplerName": "_ao0",
      "textureUnit": 3,
      "Type": "AO"
    }
  },
  "text": "Mt_Nose"
}