{
  "isTransparent": false,
  "renderinfo": {
    "gsys_cube_map": null,
    "gsys_dynamic_reflection": 1,
    "gsys_priority_hint": "npc",
    "uking_edit_sky_occlusion": null
  },
  "matparam": {
    "const_color0": {
      "ValueFloat": [0.16, 0.16, 0.21, 1.0]
    },
    "const_color1": {
      "ValueFloat": [0.11, 0.07, 0.02, 1.0]
    },
    "tex_srt3": {
      "ValueTexSrt": {
        "Scaling": [100.0, 100.0]
      }
    }
  },
  "MaterialU": {
    "ShaderAssign": {
      "AttribAssigns": {
        "_n0": "_n0",
        "_t0": "_t0",
        "_w0": "_w0",
        "_i0": "_i0",
        "_u0": "_u0"
      },
      "SamplerAssigns": {
        "_s0": "_s0",
        "_n0": "_n0"
      }
    },
    "Samplers": {
      "_n0": {
        "TexSampler": {
          "Values": [33690241, 851968, 2147483648]
        }
      }
    },
    "UserData": null
  },
  "shaderassign": {
    "options": {
      "uking_color0_calc_type": 4,
      "uking_color0_A": 102,
      "uking_color0_B": 101,
      "uking_color1_A": null,
      "uking_color1_A_channel": null,
      "uking_color1_B": null,
      "uking_vtx_position_modify_vector": 100,
      "uking_lumberjack_side_texcoord": null,
      "uking_normal_color": 2,
      "uking_enable_calc_binormal_vertex": 1,
      "uking_material_attribute": null,
      "uking_material_behave": 100,
      "uking_metal_color": 3,
      "uking_albedo_color": 101,
      "uking_specular_channel": 10,
      "uking_specular_hair": 402,
      "uking_enable_ao": null,
      "uking_ao_color": 3,
      "uking_transparency_color": 402
    },
    "samplers": {
      "_s0": "_s0",
      "_n0": "_n0"
    },
    "attributes": {
      "_n0": "_n0",
      "_t0": "_t0",
      "_w0": "_w0",
      "_i0": "_i0",
      "_u0": "_u0"
    }
  },
  "HasDiffuseMap": false,
  "HasSpecularMap": true,
  "TextureMaps": {
    "UMii_Hylia_Hair_C_075_Nrm": {
      "wiiUSampler": {
        "Values": [33690241, 851968, 2147483648]
      },
      "WrapModeS": "Mirror",
      "SamplerName": "_n0",
      "textureUnit": 1,
      "Type": "Normal"
    },
    "UMii_Hylia_Hair_C_075_Spm": {
      "SamplerName": "_s0",
      "textureUnit": 2,
      "Type": "Specular"
    }
  },
  "text": "Mt_Hair"
}