{
  "isTransparent": false,
  "renderinfo": {
    "gsys_cube_map": null,
    "gsys_dynamic_reflection": 1,
    "gsys_priority_hint": "npc",
    "uking_edit_sky_occlusion": null
  },
  "matparam": {
    "const_color0": {
      "ValueFloat": [0.07, 0.08, 0.03, 1.0]
    },
    "const_color1": {
      "ValueFloat": [0.15, 0.18, 0.08, 1.0]
    },
    "tex_srt3": {
      "ValueTexSrt": {
        "Scaling": [90.0, 90.0],
        "Rotation": 1.134464
      }
    }
  },
  "MaterialU": {
    "ShaderAssign": {
      "AttribAssigns": {
        "_n0": "_n0",
        "_t0": "_t0",
        "_w0": "_w0",
        "_i0": "_i0",
        "_u0": "_u0",
        "_u1": "_u1"
      },
      "SamplerAssigns": {
        "_a0": "_a0",
        "_s0": "_s0",
        "_n0": "_n0"
      }
    },
    "Samplers": {
      "_a0": {
        "TexSampler": {
          "Values": [33690241, 4228710400, 2147483648]
        }
      }
    },
    "UserData": null
  },
  "shaderassign": {
    "options": {
      "uking_enable_calc_color0": 1,
      "uking_color0_calc_type": 6,
      "uking_color0_B": 100,
      "uking_color0_C_channel": 1,
      "uking_color0_D": 101,
      "uking_color1_A": null,
      "uking_color1_A_channel": null,
      "uking_color1_B": null,
      "uking_vtx_position_modify_vector": 100,
      "uking_lumberjack_side_texcoord": null,
      "uking_texcoord_toon_spec_srt": 3,
      "uking_normal_color": 2,
      "uking_material_attribute": null,
      "uking_metal_color": 3,
      "uking_albedo_color": 200,
      "uking_specular_channel": 10,
      "uking_enable_ao": null,
      "uking_ao_color": null
    },
    "samplers": {
      "_a0": "_a0",
      "_s0": "_s0",
      "_n0": "_n0"
    },
    "attributes": {
      "_n0": "_n0",
      "_t0": "_t0",
      "_w0": "_w0",
      "_i0": "_i0",
      "_u0": "_u0",
      "_u1": "_u1"
    }
  },
  "HasSpecularMap": true,
  "TextureMaps": {
    "UMii_Korogu_BodyC_M_000_Body_Alb": {
      "wiiUSampler": {
        "Values": [33690241, 4228710400, 2147483648]
      },
      "BiasLod": -1.0,
      "WrapModeS": "Mirror",
      "SamplerName": "_a0",
      "textureUnit": 1,
      "Type": "Diffuse"
    },
    "UMii_Korogu_BodyC_M_000_Body_Nrm": {
      "SamplerName": "_n0",
      "textureUnit": 2,
      "Type": "Normal"
    },
    "UMii_Korogu_BodyC_M_000_Body_Spm": {
      "SamplerName": "_s0",
      "textureUnit": 3,
      "Type": "Specular"
    }
  },
  "text": "Mt_Korogu_Body"
}