{
  "isTransparent": false,
  "renderinfo": {
    "gsys_cube_map": null,
    "gsys_dynamic_reflection": 1,
    "gsys_priority_hint": "npc",
    "uking_edit_sky_occlusion": null
  },
  "matparam": {
    "tex_srt3": {
      "ValueTexSrt": {
        "Scaling": [20.0, 20.0],
        "Rotation": 0.5235988
      }
    }
  },
  "MaterialU": {
    "ShaderAssign": {
      "AttribAssigns": {
        "_n0": "_n0",
        "_t0": "_t0",
        "_i0": "_i0",
        "_u0": "_u0"
      },
      "SamplerAssigns": {
        "_a0": "_a0",
        "_s0": "_s0",
        "_n0": "_n0",
        "_e0": "_cm0"
      }
    },
    "Samplers": {
      "_a0": {
        "TexSampler": {
          "Values": [33690240, 4228710400, 2147483648]
        }
      },
      "_cm0": {
        "TexSampler": {
          "Values": [33690240, 4228710400, 2147483648]
        }
      }
    },
    "UserData": null
  },
  "shaderassign": {
    "options": {
      "uking_enable_calc_color0": 1,
      "uking_color0_calc_type": 4,
      "uking_color0_A": 402,
      "uking_color0_B": 101,
      "uking_color0_C": 3,
      "uking_color0_D": 400,
      "uking_enable_calc_color1": 1,
      "uking_color1_calc_type": 2,
      "uking_color1_A": null,
      "uking_color1_A_channel": null,
      "uking_color1_B": 200,
      "uking_color1_C": 400,
      "uking_color1_D": 400,
      "uking_color2_calc_type": 2,
      "uking_color2_A": 400,
      "uking_color2_B": 400,
      "uking_color2_C": 400,
      "uking_color2_D": 400,
      "uking_color3_calc_type": 4,
      "uking_color3_A": 400,
      "uking_color3_B": 400,
      "uking_color3_C": 400,
      "uking_color3_D": 400,
      "uking_enable_calc_color7": 1,
      "uking_color7_A": 1,
      "uking_color7_A_channel": 20,
      "uking_vtx_position_modify_vector": 100,
      "uking_lumberjack_side_texcoord": null,
      "uking_texcoord_toon_spec_srt": 3,
      "uking_normal_color": 2,
      "uking_enable_calc_binormal_vertex": 1,
      "uking_material_attribute": null,
      "uking_material_behave": 2,
      "uking_metal_color": 207,
      "uking_albedo_color": 201,
      "uking_specular_channel": 10,
      "uking_enable_ao": null,
      "uking_ao_color": null
    },
    "samplers": {
      "_a0": "_a0",
      "_s0": "_s0",
      "_n0": "_n0",
      "_e0": "_cm0"
    },
    "attributes": {
      "_n0": "_n0",
      "_t0": "_t0",
      "_i0": "_i0",
      "_u0": "_u0"
    }
  },
  "HasSpecularMap": true,
  "TextureMaps": {
    "UMii_Hylia_Hair_C_077_HairCap_Alb": {
      "wiiUSampler": {
        "Values": [33690240, 4228710400, 2147483648]
      },
      "BiasLod": -1.0,
      "SamplerName": "_a0",
      "textureUnit": 1,
      "Type": "Diffuse"
    },
    "UMii_Hylia_Hair_C_077_HairCap_Nrm": {
      "SamplerName": "_n0",
      "textureUnit": 2,
      "Type": "Normal"
    },
    "UMii_Hylia_Hair_C_077_HairCap_Spm": {
      "SamplerName": "_s0",
      "textureUnit": 3,
      "Type": "Specular"
    },
    "UMii_Hylia_Hair_C_077_HairCap_ClrMsk_00": {
      "wiiUSampler": {
        "Values": [33690240, 4228710400, 2147483648]
      },
      "BiasLod": -1.0,
      "SamplerName": "_cm0",
      "textureUnit": 4,
      "Type": "Unknown"
    }
  },
  "text": "Mt_HairCapVivid",
  "index": 1
}