{
  "isTransparent": false,
  "renderinfo": {
    "gsys_cube_map": null,
    "gsys_dynamic_reflection": 1,
    "gsys_priority_hint": "npc",
    "uking_edit_sky_occlusion": null
  },
  "matparam": {
    "const_value3": {
      "ValueFloat": [10.0]
    },
    "const_color0": {
      "ValueFloat": [5.1, 0.9, 0.3, 1.0]
    },
    "const_color1": {
      "ValueFloat": [0.03, 0.03, 0.03, 1.0]
    },
    "tex_srt3": {
      "ValueTexSrt": {
        "Scaling": [60.0, 60.0],
        "Rotation": -1.39626336
      }
    }
  },
  "MaterialU": {
    "ShaderAssign": {
      "AttribAssigns": {
        "_n0": "_n0",
        "_t0": "_t0",
        "_i0": "_i0",
        "_u0": "_u0"
      },
      "SamplerAssigns": {
        "_a0": "_a0",
        "_s0": "_s0",
        "_n0": "_n0",
        "_e0": "_em0",
        "_t0": "_em1"
      }
    },
    "Samplers": {
      "_a0": {
        "TexSampler": {
          "Values": [33690240, 4228710400, 2147483648]
        }
      }
    },
    "UserData": null
  },
  "shaderassign": {
    "options": {
      "uking_texture3_texcoord": 1,
      "uking_enable_calc_color0": 1,
      "uking_color0_calc_type": 1,
      "uking_color0_before_normal": 1,
      "uking_color0_A": 3,
      "uking_color0_A_channel": 40,
      "uking_color0_B": 4,
      "uking_color0_B_channel": 10,
      "uking_color0_C": 402,
      "uking_color0_D": 100,
      "uking_enable_calc_color1": 1,
      "uking_color1_calc_type": 18,
      "uking_color1_clamp01": 1,
      "uking_color1_before_normal": 1,
      "uking_color1_A": 4,
      "uking_color1_A_channel": 40,
      "uking_color1_B": 104,
      "uking_color1_B_channel": 3,
      "uking_color1_C": 107,
      "uking_color1_D": 4,
      "uking_color1_D_channel": 30,
      "uking_enable_calc_color2": 1,
      "uking_color2_calc_type": 5,
      "uking_color2_clamp01": 1,
      "uking_color2_before_normal": 1,
      "uking_color2_A": 4,
      "uking_color2_A_channel": 20,
      "uking_color2_B": 106,
      "uking_color2_B_channel": 3,
      "uking_color2_C": 403,
      "uking_enable_calc_color3": 1,
      "uking_color3_calc_type": 1,
      "uking_color3_clamp01": 1,
      "uking_color3_before_normal": 1,
      "uking_color3_A": 201,
      "uking_color3_B": 202,
      "uking_color3_C": 401,
      "uking_color3_D": 404,
      "uking_enable_calc_color4": 1,
      "uking_color4_calc_type": 21,
      "uking_color4_before_normal": 1,
      "uking_color4_A": 200,
      "uking_color4_B": 202,
      "uking_color4_C": 201,
      "uking_color4_D": 100,
      "uking_color5_calc_type": 4,
      "uking_color5_clamp01": 1,
      "uking_color5_before_normal": 1,
      "uking_color5_A": 101,
      "uking_color5_B": 102,
      "uking_color5_C": 5,
      "uking_color5_C_channel": 10,
      "uking_enable_calc_color6": 1,
      "uking_color6_calc_type": 4,
      "uking_color6_clamp01": 1,
      "uking_color6_before_normal": 1,
      "uking_color6_B": 101,
      "uking_color6_B_channel": 10,
      "uking_color6_C": 203,
      "uking_enable_calc_color7": 1,
      "uking_color7_calc_type": 2,
      "uking_color7_before_normal": 1,
      "uking_color7_A": 204,
      "uking_color7_B": 105,
      "uking_color8_calc_type": 5,
      "uking_color8_before_normal": 1,
      "uking_color8_A": 204,
      "uking_color8_B": 207,
      "uking_color8_C": 105,
      "uking_color9_calc_type": 4,
      "uking_color9_before_normal": 1,
      "uking_color9_A": 205,
      "uking_color9_B": 102,
      "uking_color9_C": 5,
      "uking_color9_C_channel": 10,
      "uking_vtx_position_modify_vector": 100,
      "uking_lumberjack_side_texcoord": null,
      "uking_enable_texcoord1": 1,
      "uking_texcoord1_srt": null,
      "uking_texcoord2_mapping": 2,
      "uking_texcoord2_srt": null,
      "uking_texcoord_toon_spec_srt": 3,
      "uking_normal_color": 2,
      "uking_material_attribute": null,
      "uking_material_behave": 1,
      "uking_chara_size": 1,
      "uking_metal_color": 3,
      "uking_albedo_color": 206,
      "uking_specular_channel": 10,
      "uking_enable_emission": 1,
      "uking_emission_color": 207,
      "uking_enable_ao": null,
      "uking_ao_color": null
    },
    "samplers": {
      "_a0": "_a0",
      "_s0": "_s0",
      "_n0": "_n0",
      "_e0": "_em0",
      "_t0": "_em1"
    },
    "attributes": {
      "_n0": "_n0",
      "_t0": "_t0",
      "_i0": "_i0",
      "_u0": "_u0"
    }
  },
  "HasSpecularMap": true,
  "HasEmissionMap": true,
  "TextureMaps": {
    "Weapon_Lsword_033_Alb": {
      "wiiUSampler": {
        "Values": [33690240, 4228710400, 2147483648]
      },
      "BiasLod": -1.0,
      "SamplerName": "_a0",
      "textureUnit": 1,
      "Type": "Diffuse"
    },
    "Weapon_Lsword_033_Nrm": {
      "SamplerName": "_n0",
      "textureUnit": 2,
      "Type": "Normal"
    },
    "Weapon_Lsword_033_Spm": {
      "SamplerName": "_s0",
      "textureUnit": 3,
      "Type": "Specular"
    },
    "Weapon_Lsword_033_EmmMsk.1": {
      "SamplerName": "_em0",
      "textureUnit": 4,
      "Type": "Emission"
    },
    "Weapon_Lsword_033_EmmMsk.2": {
      "SamplerName": "_em1",
      "textureUnit": 5,
      "Type": "Emission"
    }
  },
  "text": "Mt_Lsword_033",
  "index": 1
}