{
  "isTransparent": true,
  "renderinfo": {
    "gsys_cube_map": null,
    "gsys_dynamic_reflection": 1,
    "gsys_priority_hint": "vr",
    "gsys_priority": 30,
    "uking_edit_sky_occlusion": null
  },
  "matparam": {
    "const_value3": {
      "ValueFloat": [12.0]
    },
    "const_value1": {
      "ValueFloat": [0.05]
    },
    "const_value2": {
      "ValueFloat": [0.0]
    },
    "const_value4": {
      "ValueFloat": [0.5]
    },
    "indirect_scale1": {
      "ValueFloat": [0.002, 0.002]
    },
    "indirect_scale2": {
      "ValueFloat": [0.006, 0.006]
    },
    "indirect_scale4": {
      "ValueFloat": [0.002, 0.002]
    },
    "const_color0": {
      "ValueFloat": [0.02, 0.4, 2.0, 1.0]
    },
    "const_color1": {
      "ValueFloat": [0.0, 0.02, 1.0, 1.0]
    },
    "tex_srt0": {
      "ValueTexSrt": {
        "Scaling": [2.0, 2.0]
      }
    },
    "tex_srt3": {
      "ValueTexSrt": {
        "Scaling": [100.0, 100.0]
      }
    }
  },
  "MaterialU": {
    "RenderState": {
      "_flags": 2,
      "_alphaControl": 14,
      "AlphaRefValue": 0.1
    },
    "ShaderAssign": {
      "AttribAssigns": {
        "_n0": "_n0",
        "_u0": "_u0",
        "_u1": "_u1"
      },
      "SamplerAssigns": {
        "_a0": "_fx0",
        "_s0": "_i0",
        "_n0": "_i0"
      }
    },
    "Samplers": {
      "_fx0": {
        "TexSampler": {
          "Values": [33690240, 4228710400, 2147483648]
        }
      }
    },
    "UserData": null
  },
  "shaderassign": {
    "options": {
      "uking_texture1_texcoord": 1,
      "uking_enable_indirect1": 1,
      "uking_indirect1_texcoord": 3,
      "uking_enable_indirect1_world_scaling": 1,
      "uking_texture2_texcoord": 1,
      "uking_enable_indirect2": 1,
      "uking_texture3_texcoord": 2,
      "uking_texture4_texcoord": 1,
      "uking_indirect4_texcoord": 3,
      "uking_enable_indirect4_world_scaling": 1,
      "uking_enable_depth_buffer": 1,
      "uking_texture_scene_depth0_texcoord": 3,
      "uking_texture_scene_depth1_texcoord": 3,
      "uking_depth_diff_scale_to_scene_color0": 401,
      "uking_enable_calc_color0": 1,
      "uking_color0_calc_type": 21,
      "uking_color0_clamp01": 1,
      "uking_color0_before_normal": 1,
      "uking_color0_A_channel": 20,
      "uking_color0_B": null,
      "uking_color0_B_channel": 20,
      "uking_color0_C": 104,
      "uking_color0_C_channel": 3,
      "uking_color0_D": 403,
      "uking_enable_calc_color1": 1,
      "uking_color1_calc_type": 8,
      "uking_color1_clamp01": 1,
      "uking_color1_before_normal": 1,
      "uking_color1_A": 500,
      "uking_color1_A_channel": null,
      "uking_color1_B": 105,
      "uking_color1_C": 106,
      "uking_color1_C_channel": 2,
      "uking_color1_D": 400,
      "uking_color1_D_channel": 10,
      "uking_enable_calc_color2": 1,
      "uking_color2_calc_type": 7,
      "uking_color2_clamp01": 1,
      "uking_color2_before_normal": 1,
      "uking_color2_A": 201,
      "uking_color2_B": 403,
      "uking_enable_calc_color3": 1,
      "uking_color3_calc_type": 4,
      "uking_color3_clamp01": 1,
      "uking_color3_before_normal": 1,
      "uking_color3_A": 108,
      "uking_color3_A_channel": 10,
      "uking_color3_B": 404,
      "uking_color3_B_channel": 10,
      "uking_color3_C": 202,
      "uking_color3_C_channel": 10,
      "uking_enable_calc_color4": 1,
      "uking_color4_calc_type": 12,
      "uking_color4_clamp01": 1,
      "uking_color4_before_normal": 1,
      "uking_color4_A": 405,
      "uking_color4_B": 402,
      "uking_color4_B_channel": 10,
      "uking_color4_C_channel": 10,
      "uking_color4_D": 203,
      "uking_enable_calc_color5": 1,
      "uking_color5_calc_type": 9,
      "uking_color5_before_normal": 1,
      "uking_color5_A": 204,
      "uking_color5_B": 107,
      "uking_color5_C": 100,
      "uking_color5_D": 518,
      "uking_color5_D_channel": 1000,
      "uking_enable_calc_color6": 1,
      "uking_color6_calc_type": 2,
      "uking_color6_before_normal": 1,
      "uking_color6_A": 205,
      "uking_color6_B": 109,
      "uking_color6_C": 518,
      "uking_color6_C_channel": 1000,
      "gsys_gbuffer_after_fx": 1,
      "uking_enable_fresnel_cheat": null,
      "uking_vtx_position_modify_vector": 100,
      "uking_lumberjack_side_texcoord": null,
      "gsys_gbuffer_xlu": 1,
      "uking_enable_gbuffer_xlu_blend": null,
      "gsys_gbuffer_xlu_opa": 1,
      "uking_texcoord0_srt": 1,
      "uking_enable_texcoord1": 1,
      "uking_texcoord1_srt": null,
      "uking_enable_texcoord2": 1,
      "uking_texcoord_toon_spec_srt": 3,
      "uking_enable_proctexcoord0": 1,
      "uking_proctexcoord0_mapping": 1,
      "uking_enable_normalmap": null,
      "uking_normal_color": 2,
      "uking_metal_color": 3,
      "uking_albedo_color": 101,
      "uking_specmask_scaler": 400,
      "uking_specular_channel": 10,
      "uking_enable_emission": 1,
      "uking_emission_color": 206,
      "uking_enable_ao": null,
      "uking_ao_color": null,
      "uking_transparency_color": 200
    },
    "samplers": {
      "_a0": "_fx0",
      "_s0": "_i0",
      "_n0": "_i0"
    },
    "attributes": {
      "_n0": "_n0",
      "_u0": "_u0",
      "_u1": "_u1"
    }
  },
  "HasDiffuseMap": false,
  "HasNormalMap": false,
  "TextureMaps": {
    "Weapon_Shield_013_Blade_Fx": {
      "wiiUSampler": {
        "Values": [33690240, 4228710400, 2147483648]
      },
      "BiasLod": -1.0,
      "SamplerName": "_fx0",
      "textureUnit": 1,
      "Type": "Unknown"
    },
    "KodaiBlade_Ind": {
      "SamplerName": "_i0",
      "textureUnit": 2,
      "Type": "Unknown"
    }
  },
  "text": "Mt_Blade"
}