{
  "isTransparent": false,
  "renderinfo": {
    "gsys_cube_map": null,
    "gsys_priority_hint": "npc",
    "uking_edit_sky_occlusion": null
  },
  "matparam": {
    "const_value0": {
      "ValueFloat": [0.0]
    },
    "const_value1": {
      "ValueFloat": [0.0]
    },
    "const_color0": {
      "ValueFloat": [0.0, 0.6, 1.0, 1.0]
    },
    "const_color1": {
      "ValueFloat": [0.523291647, 0.5079631, 0.280361444, 1.0]
    },
    "uk_damage_color": {
      "ValueFloat": [1.0, 0.0, 0.0, 0.0]
    },
    "tex_srt0": {
      "ValueTexSrt": {
        "Mode": "Mode3dsMax"
      }
    },
    "tex_srt3": {
      "ValueTexSrt": {
        "Scaling": [100.0, 100.0]
      }
    }
  },
  "MaterialU": {
    "ShaderAssign": {
      "AttribAssigns": {
        "_n0": "_n0",
        "_t0": "_t0",
        "_u0": "_u0",
        "_u1": "_u1"
      },
      "SamplerAssigns": {
        "_a0": "_a0",
        "_s0": "_s0",
        "_n0": "_n0",
        "_e0": "_e0"
      }
    },
    "Samplers": {
      "_a0": {
        "TexSampler": {
          "Values": [33690240, 4228710400, 2147483648]
        }
      },
      "_e0": {
        "TexSampler": {
          "Values": [33690258, 4228710400, 2147483648]
        }
      }
    },
    "UserData": null
  },
  "shaderassign": {
    "options": {
      "uking_texture3_texcoord": 1,
      "uking_enable_calc_color0": 1,
      "uking_color0_calc_type": 9,
      "uking_color0_B": 100,
      "uking_color0_C": 105,
      "uking_enable_calc_color1": 1,
      "uking_color1_calc_type": 2,
      "uking_color1_A": 3,
      "uking_color1_A_channel": null,
      "uking_color1_B": 101,
      "uking_color1_C": 400,
      "uking_enable_calc_color2": 1,
      "uking_color2_calc_type": 8,
      "uking_color2_A": 104,
      "uking_color2_B": 201,
      "uking_color2_C": 200,
      "uking_vtx_position_modify_vector": 100,
      "uking_lumberjack_side_texcoord": null,
      "uking_enable_texcoord1": 1,
      "uking_texcoord1_mapping": 1,
      "uking_texcoord1_srt": null,
      "uking_normal_color": 2,
      "uking_material_attribute": null,
      "uking_material_behave": 1,
      "uking_metal_color": 3,
      "uking_specular_channel": 10,
      "uking_enable_emission": 1,
      "uking_emission_color": 202,
      "uking_enable_ao": null,
      "uking_ao_color": null
    },
    "samplers": {
      "_a0": "_a0",
      "_s0": "_s0",
      "_n0": "_n0",
      "_e0": "_e0"
    },
    "attributes": {
      "_n0": "_n0",
      "_t0": "_t0",
      "_u0": "_u0",
      "_u1": "_u1"
    }
  },
  "HasSpecularMap": true,
  "HasEmissionMap": true,
  "TextureMaps": {
    "Weapon_Sword_070_Alb": {
      "wiiUSampler": {
        "Values": [33690240, 4228710400, 2147483648]
      },
      "BiasLod": -1.0,
      "SamplerName": "_a0",
      "textureUnit": 1,
      "Type": "Diffuse"
    },
    "Weapon_Sword_070_Emm": {
      "wiiUSampler": {
        "Values": [33690258, 4228710400, 2147483648]
      },
      "BiasLod": -1.0,
      "WrapModeS": "Clamp",
      "WrapModeT": "Clamp",
      "SamplerName": "_e0",
      "textureUnit": 2,
      "Type": "Emission"
    },
    "Weapon_Sword_070_Nrm": {
      "SamplerName": "_n0",
      "textureUnit": 3,
      "Type": "Normal"
    },
    "Weapon_Sword_070_Spm": {
      "SamplerName": "_s0",
      "textureUnit": 4,
      "Type": "Specular"
    }
  },
  "text": "Mt_Sword_070_Blade",
  "index": 1
}