{
  "isTransparent": false,
  "renderinfo": {
    "gsys_cube_map": null,
    "gsys_dynamic_reflection": 1,
    "gsys_priority_hint": "npc",
    "uking_edit_sky_occlusion": null
  },
  "matparam": {
    "const_value0": {
      "ValueFloat": [0.5]
    },
    "const_color0": {
      "ValueFloat": [2.56, 2.66, 1.76, 1.0]
    },
    "tex_srt3": {
      "ValueTexSrt": {
        "Scaling": [100.0, 100.0]
      }
    }
  },
  "MaterialU": {
    "ShaderAssign": {
      "AttribAssigns": {
        "_n0": "_n0",
        "_t0": "_t0",
        "_u0": "_u0"
      },
      "SamplerAssigns": {
        "_a0": "_a0",
        "_s0": "_s0",
        "_n0": "_n0",
        "_e0": "_e0"
      }
    },
    "Samplers": {
      "_a0": {
        "TexSampler": {
          "Values": [33690240, 4228710400, 2147483648]
        }
      }
    },
    "UserData": null
  },
  "shaderassign": {
    "options": {
      "uking_enable_calc_color0": 1,
      "uking_color0_calc_type": 6,
      "uking_color0_clamp01": 1,
      "uking_color0_A": 502,
      "uking_color0_B": 502,
      "uking_color0_C": 3,
      "uking_color0_D": 3,
      "uking_enable_calc_color1": 1,
      "uking_color1_calc_type": 9,
      "uking_color1_before_normal": 1,
      "uking_color1_A": 200,
      "uking_color1_A_channel": null,
      "uking_color1_B": 100,
      "uking_color1_C": 104,
      "uking_enable_calc_color2": 1,
      "uking_color2_calc_type": 4,
      "uking_color2_before_normal": 1,
      "uking_color2_B": 400,
      "uking_color2_C": 200,
      "uking_vtx_position_modify_vector": 100,
      "uking_lumberjack_side_texcoord": null,
      "uking_normal_color": 2,
      "uking_material_attribute": null,
      "uking_material_behave": 1,
      "uking_metal_color": 3,
      "uking_albedo_color": 202,
      "uking_specular_channel": 10,
      "uking_enable_emission": 1,
      "uking_emission_color": 201,
      "uking_enable_ao": null,
      "uking_ao_color": null
    },
    "samplers": {
      "_a0": "_a0",
      "_s0": "_s0",
      "_n0": "_n0",
      "_e0": "_e0"
    },
    "attributes": {
      "_n0": "_n0",
      "_t0": "_t0",
      "_u0": "_u0"
    }
  },
  "HasSpecularMap": true,
  "HasEmissionMap": true,
  "TextureMaps": {
    "Weapon_Lsword_057_Alb": {
      "wiiUSampler": {
        "Values": [33690240, 4228710400, 2147483648]
      },
      "BiasLod": -1.0,
      "SamplerName": "_a0",
      "textureUnit": 1,
      "Type": "Diffuse"
    },
    "Weapon_Lsword_057_Emm": {
      "SamplerName": "_e0",
      "textureUnit": 2,
      "Type": "Emission"
    },
    "Weapon_Lsword_057_Nrm": {
      "SamplerName": "_n0",
      "textureUnit": 3,
      "Type": "Normal"
    },
    "Weapon_Lsword_057_Spm": {
      "SamplerName": "_s0",
      "textureUnit": 4,
      "Type": "Specular"
    }
  },
  "text": "Mt_Lsword_057"
}