{
  "isTransparent": false,
  "renderinfo": {
    "gsys_cube_map": null,
    "gsys_priority_hint": "npc",
    "uking_edit_sky_occlusion": null
  },
  "matparam": {
    "indirect_scale2": {
      "ValueFloat": [0.15, 0.15]
    },
    "const_color0": {
      "ValueFloat": [2.78794312, 4.239136, 11.3157005, 1.0]
    },
    "const_color1": {
      "ValueFloat": [0.03, 0.03, 0.03, 1.0]
    },
    "uk_damage_color": {
      "ValueFloat": [1.0, 0.0, 0.0, 0.0]
    },
    "tex_srt3": {
      "ValueTexSrt": {
        "Scaling": [100.0, 100.0]
      }
    }
  },
  "MaterialU": {
    "ShaderAssign": {
      "AttribAssigns": {
        "_n0": "_n0",
        "_t0": "_t0",
        "_u0": "_u0"
      },
      "SamplerAssigns": {
        "_a0": "_e0",
        "_s0": "_em0",
        "_n0": "_n0",
        "_e0": "_e0"
      }
    },
    "Samplers": {
      "_e0": {
        "TexSampler": {
          "Values": [33690258, 851968, 2147483648]
        }
      },
      "_n0": {
        "TexSampler": {
          "Values": [33690258, 851968, 2147483648]
        }
      }
    },
    "UserData": null
  },
  "shaderassign": {
    "options": {
      "uking_texture1_texcoord": 1,
      "uking_enable_indirect2": 1,
      "uking_indirect2_texcoord": 1,
      "uking_enable_calc_color0": 1,
      "uking_color0_calc_type": 18,
      "uking_color0_B": 1,
      "uking_color0_C": 401,
      "uking_color0_D": 100,
      "uking_color1_A": null,
      "uking_color1_A_channel": null,
      "uking_color1_B": null,
      "uking_vtx_position_modify_vector": 100,
      "uking_lumberjack_side_texcoord": null,
      "uking_enable_texcoord1": 1,
      "uking_texcoord1_srt": null,
      "uking_texcoord_toon_spec_srt": 3,
      "uking_normal_color": 2,
      "uking_material_attribute": null,
      "uking_material_behave": 1,
      "uking_chara_size": null,
      "uking_metal_color": 402,
      "uking_albedo_color": 101,
      "uking_specmask_scaler": 402,
      "uking_specular_channel": 10,
      "uking_enable_emission": 1,
      "uking_emission_color": 200,
      "uking_enable_ao": null,
      "uking_ao_color": null,
      "uking_transparency_color": 402
    },
    "samplers": {
      "_a0": "_e0",
      "_s0": "_em0",
      "_n0": "_n0",
      "_e0": "_e0"
    },
    "attributes": {
      "_n0": "_n0",
      "_t0": "_t0",
      "_u0": "_u0"
    }
  },
  "HasDiffuseMap": false,
  "HasEmissionMap": true,
  "TextureMaps": {
    "Weapon_Arrow_006_Stone_Emm": {
      "wiiUSampler": {
        "Values": [33690258, 851968, 2147483648]
      },
      "WrapModeS": "Clamp",
      "WrapModeT": "Clamp",
      "SamplerName": "_e0",
      "textureUnit": 1,
      "Type": "Emission"
    },
    "Weapon_Arrow_006_Stone_Nrm": {
      "wiiUSampler": {
        "Values": [33690258, 851968, 2147483648]
      },
      "WrapModeS": "Clamp",
      "WrapModeT": "Clamp",
      "SamplerName": "_n0",
      "textureUnit": 2,
      "Type": "Normal"
    },
    "Weapon_Arrow_006_Stone_EmmMsk": {
      "SamplerName": "_em0",
      "textureUnit": 3,
      "Type": "Emission"
    }
  },
  "text": "Mt_Chemical_Arrow",
  "index": 1
}