{
  "isTransparent": false,
  "renderinfo": {
    "gsys_cube_map": null,
    "gsys_dynamic_reflection": 1,
    "gsys_priority_hint": "npc",
    "uking_edit_sky_occlusion": null
  },
  "matparam": {
    "const_value3": {
      "ValueFloat": [1.5]
    },
    "const_value0": {
      "ValueFloat": [10.0]
    },
    "const_value1": {
      "ValueFloat": [0.4]
    },
    "const_value2": {
      "ValueFloat": [0.02]
    },
    "const_color0": {
      "ValueFloat": [0.85, 0.03, 0.15, 1.0]
    },
    "tex_srt3": {
      "ValueTexSrt": {
        "Scaling": [40.0, 40.0],
        "Rotation": 0.5235988
      }
    }
  },
  "MaterialU": {
    "ShaderAssign": {
      "AttribAssigns": {
        "_n0": "_n0",
        "_t0": "_t0",
        "_u0": "_u0"
      },
      "SamplerAssigns": {
        "_a0": "_a0",
        "_s0": "_s0",
        "_n0": "_n0",
        "_e0": "_e0",
        "_t0": "_em0",
        "_a1": "_em0"
      }
    },
    "Samplers": {
      "_a0": {
        "TexSampler": {
          "Values": [33690240, 4228710400, 2147483648]
        }
      }
    },
    "UserData": null
  },
  "shaderassign": {
    "options": {
      "uking_texture4_texcoord": 1,
      "uking_texture5_texcoord": 2,
      "uking_enable_calc_color0": 1,
      "uking_color0_calc_type": 8,
      "uking_color0_clamp01": 1,
      "uking_color0_A": 504,
      "uking_color0_A_channel": 10,
      "uking_color0_B": 106,
      "uking_color0_C": 105,
      "uking_color0_C_channel": 2,
      "uking_color0_D": 400,
      "uking_enable_calc_color1": 1,
      "uking_color1_calc_type": 8,
      "uking_color1_A": 200,
      "uking_color1_A_channel": null,
      "uking_color1_B": 107,
      "uking_color1_C": 400,
      "uking_color1_D": 400,
      "uking_enable_calc_color2": 1,
      "uking_color2_calc_type": 9,
      "uking_color2_A": 3,
      "uking_color2_B": 100,
      "uking_color2_C": 100,
      "uking_color2_D": 400,
      "uking_enable_calc_color3": 1,
      "uking_color3_calc_type": 2,
      "uking_color3_A": 4,
      "uking_color3_B": 5,
      "uking_color3_C": 400,
      "uking_color3_D": 400,
      "uking_enable_calc_color4": 1,
      "uking_color4_calc_type": 11,
      "uking_color4_A": 202,
      "uking_color4_B": 201,
      "uking_color4_C": 104,
      "uking_color4_D": 203,
      "uking_enable_calc_color5": 1,
      "uking_color5_calc_type": 11,
      "uking_color5_A": 3,
      "uking_color5_B": 203,
      "uking_color5_C": 100,
      "uking_color5_D": 104,
      "uking_color6_calc_type": 5,
      "uking_color6_clamp01": 1,
      "uking_color6_A": 300,
      "uking_color6_A_channel": 40,
      "uking_color6_B": 400,
      "uking_color6_C": 403,
      "uking_color6_D": 400,
      "uking_enable_calc_color7": 1,
      "uking_color7_calc_type": 1,
      "uking_color7_A": 204,
      "uking_color7_B": 205,
      "uking_color7_C": 400,
      "uking_color7_D": 400,
      "uking_vtx_position_modify_vector": 100,
      "uking_lumberjack_side_texcoord": null,
      "uking_enable_texcoord1": 1,
      "uking_texcoord1_srt": null,
      "uking_enable_texcoord2": 1,
      "uking_texcoord2_srt": 1,
      "uking_texcoord_toon_spec_srt": 3,
      "uking_normal_color": 2,
      "uking_material_attribute": null,
      "uking_chara_size": 3,
      "uking_metal_color": 1,
      "uking_metal_channel": 20,
      "uking_specular_channel": 10,
      "uking_enable_emission": 1,
      "uking_emission_color": 207,
      "uking_enable_ao": null,
      "uking_ao_color": null
    },
    "samplers": {
      "_a0": "_a0",
      "_s0": "_s0",
      "_n0": "_n0",
      "_e0": "_e0",
      "_t0": "_em0",
      "_a1": "_em0"
    },
    "attributes": {
      "_n0": "_n0",
      "_t0": "_t0",
      "_u0": "_u0"
    }
  },
  "HasSpecularMap": true,
  "HasEmissionMap": true,
  "TextureMaps": {
    "Weapon_Sword_013_Alb": {
      "wiiUSampler": {
        "Values": [33690240, 4228710400, 2147483648]
      },
      "BiasLod": -1.0,
      "SamplerName": "_a0",
      "textureUnit": 1,
      "Type": "Diffuse"
    },
    "Weapon_Sword_013_Emm": {
      "SamplerName": "_e0",
      "textureUnit": 2,
      "Type": "Emission"
    },
    "Weapon_Sword_013_Nrm": {
      "SamplerName": "_n0",
      "textureUnit": 3,
      "Type": "Normal"
    },
    "Weapon_Sword_013_Spm": {
      "SamplerName": "_s0",
      "textureUnit": 4,
      "Type": "Specular"
    },
    "Weapon_Sword_013_EmmMsk": {
      "SamplerName": "_em0",
      "textureUnit": 5,
      "Type": "Emission"
    }
  },
  "text": "Mt_Part",
  "index": 2
}